name,step,metric_name,metric_value,timestamp
241118-17:34:56-dishonest-local,0,train/batch,0.0,2024-11-18T17:36:22.886780
241118-17:34:56-dishonest-local,0,train/num_samples,0.0,2024-11-18T17:36:22.886780
241118-17:34:56-dishonest-local,0,validate/loss,7.582422733306885,2024-11-18T17:36:22.886780
241118-17:34:56-dishonest-local,1,train/batch,9.0,2024-11-18T17:36:29.696476
241118-17:34:56-dishonest-local,1,train/loss,7.664462614059448,2024-11-18T17:36:29.696476
241118-17:34:56-dishonest-local,1,train/num_samples,288.0,2024-11-18T17:36:29.696476
241118-17:34:56-dishonest-local,2,train/batch,19.0,2024-11-18T17:36:37.721329
241118-17:34:56-dishonest-local,2,train/loss,7.360730409622192,2024-11-18T17:36:37.721329
241118-17:34:56-dishonest-local,2,train/num_samples,608.0,2024-11-18T17:36:37.721329
241118-17:34:56-dishonest-local,3,train/batch,29.0,2024-11-18T17:36:46.420768
241118-17:34:56-dishonest-local,3,train/loss,7.042970943450928,2024-11-18T17:36:46.420768
241118-17:34:56-dishonest-local,3,train/num_samples,928.0,2024-11-18T17:36:46.420768
241118-17:34:56-dishonest-local,4,train/batch,39.0,2024-11-18T17:36:54.321603
241118-17:34:56-dishonest-local,4,train/loss,6.717998504638672,2024-11-18T17:36:54.321603
241118-17:34:56-dishonest-local,4,train/num_samples,1248.0,2024-11-18T17:36:54.321603
241118-17:34:56-dishonest-local,5,train/batch,49.0,2024-11-18T17:37:02.130151
241118-17:34:56-dishonest-local,5,train/loss,6.417911672592163,2024-11-18T17:37:02.130151
241118-17:34:56-dishonest-local,5,train/num_samples,1568.0,2024-11-18T17:37:02.130151
241118-17:34:56-dishonest-local,6,train/batch,59.0,2024-11-18T17:37:09.631870
241118-17:34:56-dishonest-local,6,train/loss,6.116796398162842,2024-11-18T17:37:09.631870
241118-17:34:56-dishonest-local,6,train/num_samples,1888.0,2024-11-18T17:37:09.631870
241118-17:34:56-dishonest-local,7,train/batch,69.0,2024-11-18T17:37:17.243934
241118-17:34:56-dishonest-local,7,train/loss,5.864098453521729,2024-11-18T17:37:17.243934
241118-17:34:56-dishonest-local,7,train/num_samples,2208.0,2024-11-18T17:37:17.243934
241118-17:34:56-dishonest-local,8,train/batch,79.0,2024-11-18T17:37:25.556865
241118-17:34:56-dishonest-local,8,train/loss,5.648940992355347,2024-11-18T17:37:25.556865
241118-17:34:56-dishonest-local,8,train/num_samples,2528.0,2024-11-18T17:37:25.556865
241118-17:34:56-dishonest-local,9,train/batch,89.0,2024-11-18T17:37:33.366318
241118-17:34:56-dishonest-local,9,train/loss,5.459950399398804,2024-11-18T17:37:33.366318
241118-17:34:56-dishonest-local,9,train/num_samples,2848.0,2024-11-18T17:37:33.366318
241118-17:34:56-dishonest-local,10,train/batch,99.0,2024-11-18T17:37:41.506136
241118-17:34:56-dishonest-local,10,train/loss,5.316527605056763,2024-11-18T17:37:41.506136
241118-17:34:56-dishonest-local,10,train/num_samples,3168.0,2024-11-18T17:37:41.506136
241118-17:34:56-dishonest-local,11,train/batch,109.0,2024-11-18T17:37:49.855205
241118-17:34:56-dishonest-local,11,train/loss,5.166895532608033,2024-11-18T17:37:49.855205
241118-17:34:56-dishonest-local,11,train/num_samples,3488.0,2024-11-18T17:37:49.855205
241118-17:34:56-dishonest-local,12,train/batch,119.0,2024-11-18T17:37:57.592838
241118-17:34:56-dishonest-local,12,train/loss,5.044914484024048,2024-11-18T17:37:57.592838
241118-17:34:56-dishonest-local,12,train/num_samples,3808.0,2024-11-18T17:37:57.592838
241118-17:34:56-dishonest-local,13,train/batch,129.0,2024-11-18T17:38:05.064705
241118-17:34:56-dishonest-local,13,train/loss,4.936289119720459,2024-11-18T17:38:05.064705
241118-17:34:56-dishonest-local,13,train/num_samples,4128.0,2024-11-18T17:38:05.064705
241118-17:34:56-dishonest-local,14,train/batch,139.0,2024-11-18T17:38:12.609209
241118-17:34:56-dishonest-local,14,train/loss,4.8383321285247805,2024-11-18T17:38:12.609209
241118-17:34:56-dishonest-local,14,train/num_samples,4448.0,2024-11-18T17:38:12.609209
241118-17:34:56-dishonest-local,15,train/batch,149.0,2024-11-18T17:38:20.251336
241118-17:34:56-dishonest-local,15,train/loss,4.748017740249634,2024-11-18T17:38:20.251336
241118-17:34:56-dishonest-local,15,train/num_samples,4768.0,2024-11-18T17:38:20.251336
241118-17:34:56-dishonest-local,16,train/batch,159.0,2024-11-18T17:38:27.337745
241118-17:34:56-dishonest-local,16,train/loss,4.7212365627288815,2024-11-18T17:38:27.337745
241118-17:34:56-dishonest-local,16,train/num_samples,5088.0,2024-11-18T17:38:27.337745
241118-17:34:56-dishonest-local,17,train/batch,169.0,2024-11-18T17:38:34.461401
241118-17:34:56-dishonest-local,17,train/loss,4.627045345306397,2024-11-18T17:38:34.461401
241118-17:34:56-dishonest-local,17,train/num_samples,5408.0,2024-11-18T17:38:34.461401
241118-17:34:56-dishonest-local,18,train/batch,179.0,2024-11-18T17:38:41.865649
241118-17:34:56-dishonest-local,18,train/loss,4.58218936920166,2024-11-18T17:38:41.865649
241118-17:34:56-dishonest-local,18,train/num_samples,5728.0,2024-11-18T17:38:41.865649
241118-17:34:56-dishonest-local,19,train/batch,189.0,2024-11-18T17:38:49.063173
241118-17:34:56-dishonest-local,19,train/loss,4.484059047698975,2024-11-18T17:38:49.063173
241118-17:34:56-dishonest-local,19,train/num_samples,6048.0,2024-11-18T17:38:49.063173
241118-17:34:56-dishonest-local,20,train/batch,199.0,2024-11-18T17:38:56.507602
241118-17:34:56-dishonest-local,20,train/loss,4.4635244846344,2024-11-18T17:38:56.507602
241118-17:34:56-dishonest-local,20,train/num_samples,6368.0,2024-11-18T17:38:56.507602
241118-17:34:56-dishonest-local,21,train/batch,209.0,2024-11-18T17:39:03.457867
241118-17:34:56-dishonest-local,21,train/loss,4.368226099014282,2024-11-18T17:39:03.457867
241118-17:34:56-dishonest-local,21,train/num_samples,6688.0,2024-11-18T17:39:03.457867
241118-17:34:56-dishonest-local,22,train/batch,219.0,2024-11-18T17:39:10.539395
241118-17:34:56-dishonest-local,22,train/loss,4.4136871814727785,2024-11-18T17:39:10.539395
241118-17:34:56-dishonest-local,22,train/num_samples,7008.0,2024-11-18T17:39:10.539395
241118-17:34:56-dishonest-local,23,train/batch,229.0,2024-11-18T17:39:17.469839
241118-17:34:56-dishonest-local,23,train/loss,4.315010976791382,2024-11-18T17:39:17.469839
241118-17:34:56-dishonest-local,23,train/num_samples,7328.0,2024-11-18T17:39:17.469839
241118-17:34:56-dishonest-local,24,train/batch,239.0,2024-11-18T17:39:24.434473
241118-17:34:56-dishonest-local,24,train/loss,4.265880346298218,2024-11-18T17:39:24.434473
241118-17:34:56-dishonest-local,24,train/num_samples,7648.0,2024-11-18T17:39:24.434473
241118-17:34:56-dishonest-local,25,train/batch,249.0,2024-11-18T17:39:31.803985
241118-17:34:56-dishonest-local,25,train/loss,4.2466514110565186,2024-11-18T17:39:31.803985
241118-17:34:56-dishonest-local,25,train/num_samples,7968.0,2024-11-18T17:39:31.803985
241118-17:34:56-dishonest-local,26,train/batch,259.0,2024-11-18T17:39:39.943412
241118-17:34:56-dishonest-local,26,train/loss,4.254277276992798,2024-11-18T17:39:39.943412
241118-17:34:56-dishonest-local,26,train/num_samples,8288.0,2024-11-18T17:39:39.943412
241118-17:34:56-dishonest-local,27,train/batch,269.0,2024-11-18T17:39:46.924451
241118-17:34:56-dishonest-local,27,train/loss,4.206542015075684,2024-11-18T17:39:46.924451
241118-17:34:56-dishonest-local,27,train/num_samples,8608.0,2024-11-18T17:39:46.924451
241118-17:34:56-dishonest-local,28,train/batch,279.0,2024-11-18T17:39:53.978887
241118-17:34:56-dishonest-local,28,train/loss,4.190794038772583,2024-11-18T17:39:53.978887
241118-17:34:56-dishonest-local,28,train/num_samples,8928.0,2024-11-18T17:39:53.978887
241118-17:34:56-dishonest-local,29,train/batch,289.0,2024-11-18T17:40:01.030787
241118-17:34:56-dishonest-local,29,train/loss,4.176601076126099,2024-11-18T17:40:01.030787
241118-17:34:56-dishonest-local,29,train/num_samples,9248.0,2024-11-18T17:40:01.030787
241118-17:34:56-dishonest-local,30,train/batch,299.0,2024-11-18T17:40:08.802691
241118-17:34:56-dishonest-local,30,train/loss,4.130142498016357,2024-11-18T17:40:08.802691
241118-17:34:56-dishonest-local,30,train/num_samples,9568.0,2024-11-18T17:40:08.802691
241118-17:34:56-dishonest-local,31,train/batch,309.0,2024-11-18T17:40:12.657754
241118-17:34:56-dishonest-local,31,train/loss,4.068606519699097,2024-11-18T17:40:12.657754
241118-17:34:56-dishonest-local,31,train/num_samples,9888.0,2024-11-18T17:40:12.657754
241118-17:34:56-dishonest-local,32,train/batch,319.0,2024-11-18T17:40:17.120385
241118-17:34:56-dishonest-local,32,train/loss,4.073670673370361,2024-11-18T17:40:17.120385
241118-17:34:56-dishonest-local,32,train/num_samples,10208.0,2024-11-18T17:40:17.120385
241118-17:34:56-dishonest-local,33,train/batch,329.0,2024-11-18T17:40:21.546752
241118-17:34:56-dishonest-local,33,train/loss,4.077632236480713,2024-11-18T17:40:21.546752
241118-17:34:56-dishonest-local,33,train/num_samples,10528.0,2024-11-18T17:40:21.546752
241118-17:34:56-dishonest-local,34,train/batch,339.0,2024-11-18T17:40:27.554850
241118-17:34:56-dishonest-local,34,train/loss,4.058354115486145,2024-11-18T17:40:27.554850
241118-17:34:56-dishonest-local,34,train/num_samples,10848.0,2024-11-18T17:40:27.554850
241118-17:34:56-dishonest-local,35,train/batch,349.0,2024-11-18T17:40:31.594496
241118-17:34:56-dishonest-local,35,train/loss,4.008556938171386,2024-11-18T17:40:31.594496
241118-17:34:56-dishonest-local,35,train/num_samples,11168.0,2024-11-18T17:40:31.594496
241118-17:34:56-dishonest-local,36,train/batch,359.0,2024-11-18T17:40:36.138576
241118-17:34:56-dishonest-local,36,train/loss,3.982262659072876,2024-11-18T17:40:36.138576
241118-17:34:56-dishonest-local,36,train/num_samples,11488.0,2024-11-18T17:40:36.138576
241118-17:34:56-dishonest-local,37,train/batch,369.0,2024-11-18T17:40:41.061863
241118-17:34:56-dishonest-local,37,train/loss,4.018568015098571,2024-11-18T17:40:41.061863
241118-17:34:56-dishonest-local,37,train/num_samples,11808.0,2024-11-18T17:40:41.061863
241118-17:34:56-dishonest-local,38,train/batch,379.0,2024-11-18T17:40:46.624769
241118-17:34:56-dishonest-local,38,train/loss,3.985794281959534,2024-11-18T17:40:46.624769
241118-17:34:56-dishonest-local,38,train/num_samples,12128.0,2024-11-18T17:40:46.624769
241118-17:34:56-dishonest-local,39,train/batch,389.0,2024-11-18T17:40:51.763333
241118-17:34:56-dishonest-local,39,train/loss,3.9704453468322756,2024-11-18T17:40:51.763333
241118-17:34:56-dishonest-local,39,train/num_samples,12448.0,2024-11-18T17:40:51.763333
241118-17:34:56-dishonest-local,40,train/batch,399.0,2024-11-18T17:40:56.319791
241118-17:34:56-dishonest-local,40,train/loss,3.947929334640503,2024-11-18T17:40:56.319791
241118-17:34:56-dishonest-local,40,train/num_samples,12768.0,2024-11-18T17:40:56.319791
241118-17:34:56-dishonest-local,41,train/batch,409.0,2024-11-18T17:41:01.034614
241118-17:34:56-dishonest-local,41,train/loss,3.9423970222473144,2024-11-18T17:41:01.034614
241118-17:34:56-dishonest-local,41,train/num_samples,13088.0,2024-11-18T17:41:01.034614
241118-17:34:56-phony-eye,0,train/batch,0.0,2024-11-18T17:36:26.282784
241118-17:34:56-phony-eye,0,train/num_samples,0.0,2024-11-18T17:36:26.282784
241118-17:34:56-phony-eye,0,validate/loss,7.582366943359375,2024-11-18T17:36:26.282784
241118-17:34:56-phony-eye,1,train/batch,9.0,2024-11-18T17:36:33.277744
241118-17:34:56-phony-eye,1,train/loss,7.778010129928589,2024-11-18T17:36:33.277744
241118-17:34:56-phony-eye,1,train/num_samples,288.0,2024-11-18T17:36:33.277744
241118-17:34:56-phony-eye,2,train/batch,19.0,2024-11-18T17:36:41.133957
241118-17:34:56-phony-eye,2,train/loss,7.752508306503296,2024-11-18T17:36:41.133957
241118-17:34:56-phony-eye,2,train/num_samples,608.0,2024-11-18T17:36:41.133957
241118-17:34:56-phony-eye,3,train/batch,29.0,2024-11-18T17:36:48.826967
241118-17:34:56-phony-eye,3,train/loss,7.735160684585571,2024-11-18T17:36:48.826967
241118-17:34:56-phony-eye,3,train/num_samples,928.0,2024-11-18T17:36:48.826967
241118-17:34:56-phony-eye,4,train/batch,39.0,2024-11-18T17:36:56.722979
241118-17:34:56-phony-eye,4,train/loss,7.705353307723999,2024-11-18T17:36:56.722979
241118-17:34:56-phony-eye,4,train/num_samples,1248.0,2024-11-18T17:36:56.722979
241118-17:34:56-phony-eye,5,train/batch,49.0,2024-11-18T17:37:04.574999
241118-17:34:56-phony-eye,5,train/loss,7.687617349624634,2024-11-18T17:37:04.574999
241118-17:34:56-phony-eye,5,train/num_samples,1568.0,2024-11-18T17:37:04.574999
241118-17:34:56-phony-eye,6,train/batch,59.0,2024-11-18T17:37:12.315872
241118-17:34:56-phony-eye,6,train/loss,7.684571266174316,2024-11-18T17:37:12.315872
241118-17:34:56-phony-eye,6,train/num_samples,1888.0,2024-11-18T17:37:12.315872
241118-17:34:56-phony-eye,7,train/batch,69.0,2024-11-18T17:37:20.114232
241118-17:34:56-phony-eye,7,train/loss,7.634302854537964,2024-11-18T17:37:20.114232
241118-17:34:56-phony-eye,7,train/num_samples,2208.0,2024-11-18T17:37:20.114232
241118-17:34:56-phony-eye,8,train/batch,79.0,2024-11-18T17:37:27.870337
241118-17:34:56-phony-eye,8,train/loss,7.625752544403076,2024-11-18T17:37:27.870337
241118-17:34:56-phony-eye,8,train/num_samples,2528.0,2024-11-18T17:37:27.870337
241118-17:34:56-phony-eye,9,train/batch,89.0,2024-11-18T17:37:35.710209
241118-17:34:56-phony-eye,9,train/loss,7.585415840148926,2024-11-18T17:37:35.710209
241118-17:34:56-phony-eye,9,train/num_samples,2848.0,2024-11-18T17:37:35.710209
241118-17:34:56-phony-eye,10,train/batch,99.0,2024-11-18T17:37:43.460170
241118-17:34:56-phony-eye,10,train/loss,7.573904991149902,2024-11-18T17:37:43.460170
241118-17:34:56-phony-eye,10,train/num_samples,3168.0,2024-11-18T17:37:43.460170
241118-17:34:56-phony-eye,11,train/batch,109.0,2024-11-18T17:37:51.278044
241118-17:34:56-phony-eye,11,train/loss,7.536117887496948,2024-11-18T17:37:51.278044
241118-17:34:56-phony-eye,11,train/num_samples,3488.0,2024-11-18T17:37:51.278044
241118-17:34:56-phony-eye,12,train/batch,119.0,2024-11-18T17:37:59.078198
241118-17:34:56-phony-eye,12,train/loss,7.4568767070770265,2024-11-18T17:37:59.078198
241118-17:34:56-phony-eye,12,train/num_samples,3808.0,2024-11-18T17:37:59.078198
241118-17:34:56-phony-eye,13,train/batch,129.0,2024-11-18T17:38:06.821540
241118-17:34:56-phony-eye,13,train/loss,7.429479932785034,2024-11-18T17:38:06.821540
241118-17:34:56-phony-eye,13,train/num_samples,4128.0,2024-11-18T17:38:06.821540
241118-17:34:56-phony-eye,14,train/batch,139.0,2024-11-18T17:38:14.704915
241118-17:34:56-phony-eye,14,train/loss,7.382686138153076,2024-11-18T17:38:14.704915
241118-17:34:56-phony-eye,14,train/num_samples,4448.0,2024-11-18T17:38:14.704915
241118-17:34:56-phony-eye,15,train/batch,149.0,2024-11-18T17:38:22.571791
241118-17:34:56-phony-eye,15,train/loss,7.312965536117554,2024-11-18T17:38:22.571791
241118-17:34:56-phony-eye,15,train/num_samples,4768.0,2024-11-18T17:38:22.571791
241118-17:34:56-phony-eye,16,train/batch,159.0,2024-11-18T17:38:29.735268
241118-17:34:56-phony-eye,16,train/loss,7.073749256134033,2024-11-18T17:38:29.735268
241118-17:34:56-phony-eye,16,train/num_samples,5088.0,2024-11-18T17:38:29.735268
241118-17:34:56-phony-eye,17,train/batch,169.0,2024-11-18T17:38:36.920474
241118-17:34:56-phony-eye,17,train/loss,6.9878395080566404,2024-11-18T17:38:36.920474
241118-17:34:56-phony-eye,17,train/num_samples,5408.0,2024-11-18T17:38:36.920474
241118-17:34:56-phony-eye,18,train/batch,179.0,2024-11-18T17:38:44.216528
241118-17:34:56-phony-eye,18,train/loss,6.854904556274414,2024-11-18T17:38:44.216528
241118-17:34:56-phony-eye,18,train/num_samples,5728.0,2024-11-18T17:38:44.216528
241118-17:34:56-phony-eye,19,train/batch,189.0,2024-11-18T17:38:51.408735
241118-17:34:56-phony-eye,19,train/loss,6.7248939037322994,2024-11-18T17:38:51.408735
241118-17:34:56-phony-eye,19,train/num_samples,6048.0,2024-11-18T17:38:51.408735
241118-17:34:56-phony-eye,20,train/batch,199.0,2024-11-18T17:38:59.277555
241118-17:34:56-phony-eye,20,train/loss,6.6167073249816895,2024-11-18T17:38:59.277555
241118-17:34:56-phony-eye,20,train/num_samples,6368.0,2024-11-18T17:38:59.277555
241118-17:34:56-phony-eye,21,train/batch,209.0,2024-11-18T17:39:06.425937
241118-17:34:56-phony-eye,21,train/loss,6.480551433563233,2024-11-18T17:39:06.425937
241118-17:34:56-phony-eye,21,train/num_samples,6688.0,2024-11-18T17:39:06.425937
241118-17:34:56-phony-eye,22,train/batch,219.0,2024-11-18T17:39:13.684196
241118-17:34:56-phony-eye,22,train/loss,6.377925443649292,2024-11-18T17:39:13.684196
241118-17:34:56-phony-eye,22,train/num_samples,7008.0,2024-11-18T17:39:13.684196
241118-17:34:56-phony-eye,23,train/batch,229.0,2024-11-18T17:39:20.806708
241118-17:34:56-phony-eye,23,train/loss,6.24591097831726,2024-11-18T17:39:20.806708
241118-17:34:56-phony-eye,23,train/num_samples,7328.0,2024-11-18T17:39:20.806708
241118-17:34:56-phony-eye,24,train/batch,239.0,2024-11-18T17:39:28.042080
241118-17:34:56-phony-eye,24,train/loss,6.139339876174927,2024-11-18T17:39:28.042080
241118-17:34:56-phony-eye,24,train/num_samples,7648.0,2024-11-18T17:39:28.042080
241118-17:34:56-phony-eye,25,train/batch,249.0,2024-11-18T17:39:35.759308
241118-17:34:56-phony-eye,25,train/loss,6.07204008102417,2024-11-18T17:39:35.759308
241118-17:34:56-phony-eye,25,train/num_samples,7968.0,2024-11-18T17:39:35.759308
241118-17:34:56-phony-eye,26,train/batch,259.0,2024-11-18T17:39:42.932681
241118-17:34:56-phony-eye,26,train/loss,5.972983312606812,2024-11-18T17:39:42.932681
241118-17:34:56-phony-eye,26,train/num_samples,8288.0,2024-11-18T17:39:42.932681
241118-17:34:56-phony-eye,27,train/batch,269.0,2024-11-18T17:39:50.138081
241118-17:34:56-phony-eye,27,train/loss,5.874159860610962,2024-11-18T17:39:50.138081
241118-17:34:56-phony-eye,27,train/num_samples,8608.0,2024-11-18T17:39:50.138081
241118-17:34:56-phony-eye,28,train/batch,279.0,2024-11-18T17:39:57.322803
241118-17:34:56-phony-eye,28,train/loss,5.80683159828186,2024-11-18T17:39:57.322803
241118-17:34:56-phony-eye,28,train/num_samples,8928.0,2024-11-18T17:39:57.322803
241118-17:34:56-phony-eye,29,train/batch,289.0,2024-11-18T17:40:04.799043
241118-17:34:56-phony-eye,29,train/loss,5.6820159435272215,2024-11-18T17:40:04.799043
241118-17:34:56-phony-eye,29,train/num_samples,9248.0,2024-11-18T17:40:04.799043
241118-17:34:56-phony-eye,30,train/batch,299.0,2024-11-18T17:40:12.100988
241118-17:34:56-phony-eye,30,train/loss,5.583740377426148,2024-11-18T17:40:12.100988
241118-17:34:56-phony-eye,30,train/num_samples,9568.0,2024-11-18T17:40:12.100988
241118-17:34:56-phony-eye,31,train/batch,309.0,2024-11-18T17:40:15.334579
241118-17:34:56-phony-eye,31,train/loss,5.604539155960083,2024-11-18T17:40:15.334579
241118-17:34:56-phony-eye,31,train/num_samples,9888.0,2024-11-18T17:40:15.334579
241118-17:34:56-phony-eye,32,train/batch,319.0,2024-11-18T17:40:18.659745
241118-17:34:56-phony-eye,32,train/loss,5.524882841110229,2024-11-18T17:40:18.659745
241118-17:34:56-phony-eye,32,train/num_samples,10208.0,2024-11-18T17:40:18.659745
241118-17:34:56-phony-eye,33,train/batch,329.0,2024-11-18T17:40:21.908656
241118-17:34:56-phony-eye,33,train/loss,5.467895269393921,2024-11-18T17:40:21.908656
241118-17:34:56-phony-eye,33,train/num_samples,10528.0,2024-11-18T17:40:21.908656
241118-17:34:56-phony-eye,34,train/batch,339.0,2024-11-18T17:40:26.764918
241118-17:34:56-phony-eye,34,train/loss,5.415129899978638,2024-11-18T17:40:26.764918
241118-17:34:56-phony-eye,34,train/num_samples,10848.0,2024-11-18T17:40:26.764918
241118-17:34:56-phony-eye,35,train/batch,349.0,2024-11-18T17:40:31.584415
241118-17:34:56-phony-eye,35,train/loss,5.3264031410217285,2024-11-18T17:40:31.584415
241118-17:34:56-phony-eye,35,train/num_samples,11168.0,2024-11-18T17:40:31.584415
241118-17:34:56-phony-eye,36,train/batch,359.0,2024-11-18T17:40:36.123444
241118-17:34:56-phony-eye,36,train/loss,5.25092568397522,2024-11-18T17:40:36.123444
241118-17:34:56-phony-eye,36,train/num_samples,11488.0,2024-11-18T17:40:36.123444
241118-17:34:56-phony-eye,37,train/batch,369.0,2024-11-18T17:40:41.095641
241118-17:34:56-phony-eye,37,train/loss,5.239207935333252,2024-11-18T17:40:41.095641
241118-17:34:56-phony-eye,37,train/num_samples,11808.0,2024-11-18T17:40:41.095641
241118-17:34:56-phony-eye,38,train/batch,379.0,2024-11-18T17:40:46.608371
241118-17:34:56-phony-eye,38,train/loss,5.193409013748169,2024-11-18T17:40:46.608371
241118-17:34:56-phony-eye,38,train/num_samples,12128.0,2024-11-18T17:40:46.608371
241118-17:34:56-phony-eye,39,train/batch,389.0,2024-11-18T17:40:51.867155
241118-17:34:56-phony-eye,39,train/loss,5.150714254379272,2024-11-18T17:40:51.867155
241118-17:34:56-phony-eye,39,train/num_samples,12448.0,2024-11-18T17:40:51.867155
241118-17:34:56-phony-eye,40,train/batch,399.0,2024-11-18T17:40:56.379530
241118-17:34:56-phony-eye,40,train/loss,5.132622623443604,2024-11-18T17:40:56.379530
241118-17:34:56-phony-eye,40,train/num_samples,12768.0,2024-11-18T17:40:56.379530
241118-17:34:56-phony-eye,41,train/batch,409.0,2024-11-18T17:41:01.069064
241118-17:34:56-phony-eye,41,train/loss,5.098484945297241,2024-11-18T17:41:01.069064
241118-17:34:56-phony-eye,41,train/num_samples,13088.0,2024-11-18T17:41:01.069064
241118-17:34:56-pleasing-connection,0,train/batch,0.0,2024-11-18T17:36:25.001087
241118-17:34:56-pleasing-connection,0,train/num_samples,0.0,2024-11-18T17:36:25.001087
241118-17:34:56-pleasing-connection,0,validate/loss,7.582712650299072,2024-11-18T17:36:25.001087
241118-17:34:56-pleasing-connection,1,train/batch,9.0,2024-11-18T17:36:32.024164
241118-17:34:56-pleasing-connection,1,train/loss,7.709490633010864,2024-11-18T17:36:32.024164
241118-17:34:56-pleasing-connection,1,train/num_samples,288.0,2024-11-18T17:36:32.024164
241118-17:34:56-pleasing-connection,2,train/batch,19.0,2024-11-18T17:36:40.022347
241118-17:34:56-pleasing-connection,2,train/loss,7.507715082168579,2024-11-18T17:36:40.022347
241118-17:34:56-pleasing-connection,2,train/num_samples,608.0,2024-11-18T17:36:40.022347
241118-17:34:56-pleasing-connection,3,train/batch,29.0,2024-11-18T17:36:47.836296
241118-17:34:56-pleasing-connection,3,train/loss,7.285116529464721,2024-11-18T17:36:47.836296
241118-17:34:56-pleasing-connection,3,train/num_samples,928.0,2024-11-18T17:36:47.836296
241118-17:34:56-pleasing-connection,4,train/batch,39.0,2024-11-18T17:36:55.830185
241118-17:34:56-pleasing-connection,4,train/loss,7.046019077301025,2024-11-18T17:36:55.830185
241118-17:34:56-pleasing-connection,4,train/num_samples,1248.0,2024-11-18T17:36:55.830185
241118-17:34:56-pleasing-connection,5,train/batch,49.0,2024-11-18T17:37:03.658480
241118-17:34:56-pleasing-connection,5,train/loss,6.831523084640503,2024-11-18T17:37:03.658480
241118-17:34:56-pleasing-connection,5,train/num_samples,1568.0,2024-11-18T17:37:03.658480
241118-17:34:56-pleasing-connection,6,train/batch,59.0,2024-11-18T17:37:11.428487
241118-17:34:56-pleasing-connection,6,train/loss,6.596579074859619,2024-11-18T17:37:11.428487
241118-17:34:56-pleasing-connection,6,train/num_samples,1888.0,2024-11-18T17:37:11.428487
241118-17:34:56-pleasing-connection,7,train/batch,69.0,2024-11-18T17:37:19.288357
241118-17:34:56-pleasing-connection,7,train/loss,6.390531539916992,2024-11-18T17:37:19.288357
241118-17:34:56-pleasing-connection,7,train/num_samples,2208.0,2024-11-18T17:37:19.288357
241118-17:34:56-pleasing-connection,8,train/batch,79.0,2024-11-18T17:37:27.087731
241118-17:34:56-pleasing-connection,8,train/loss,6.2021825313568115,2024-11-18T17:37:27.087731
241118-17:34:56-pleasing-connection,8,train/num_samples,2528.0,2024-11-18T17:37:27.087731
241118-17:34:56-pleasing-connection,9,train/batch,89.0,2024-11-18T17:37:35.347885
241118-17:34:56-pleasing-connection,9,train/loss,6.0041773319244385,2024-11-18T17:37:35.347885
241118-17:34:56-pleasing-connection,9,train/num_samples,2848.0,2024-11-18T17:37:35.347885
241118-17:34:56-pleasing-connection,10,train/batch,99.0,2024-11-18T17:37:43.184311
241118-17:34:56-pleasing-connection,10,train/loss,5.845980501174926,2024-11-18T17:37:43.184311
241118-17:34:56-pleasing-connection,10,train/num_samples,3168.0,2024-11-18T17:37:43.184311
241118-17:34:56-pleasing-connection,11,train/batch,109.0,2024-11-18T17:37:51.069717
241118-17:34:56-pleasing-connection,11,train/loss,5.693149518966675,2024-11-18T17:37:51.069717
241118-17:34:56-pleasing-connection,11,train/num_samples,3488.0,2024-11-18T17:37:51.069717
241118-17:34:56-pleasing-connection,12,train/batch,119.0,2024-11-18T17:37:59.302256
241118-17:34:56-pleasing-connection,12,train/loss,5.549637269973755,2024-11-18T17:37:59.302256
241118-17:34:56-pleasing-connection,12,train/num_samples,3808.0,2024-11-18T17:37:59.302256
241118-17:34:56-pleasing-connection,13,train/batch,129.0,2024-11-18T17:38:07.097372
241118-17:34:56-pleasing-connection,13,train/loss,5.423467779159546,2024-11-18T17:38:07.097372
241118-17:34:56-pleasing-connection,13,train/num_samples,4128.0,2024-11-18T17:38:07.097372
241118-17:34:56-pleasing-connection,14,train/batch,139.0,2024-11-18T17:38:15.029371
241118-17:34:56-pleasing-connection,14,train/loss,5.308217096328735,2024-11-18T17:38:15.029371
241118-17:34:56-pleasing-connection,14,train/num_samples,4448.0,2024-11-18T17:38:15.029371
241118-17:34:56-pleasing-connection,15,train/batch,149.0,2024-11-18T17:38:22.939461
241118-17:34:56-pleasing-connection,15,train/loss,5.198322916030884,2024-11-18T17:38:22.939461
241118-17:34:56-pleasing-connection,15,train/num_samples,4768.0,2024-11-18T17:38:22.939461
241118-17:34:56-pleasing-connection,16,train/batch,159.0,2024-11-18T17:38:30.245073
241118-17:34:56-pleasing-connection,16,train/loss,5.140255880355835,2024-11-18T17:38:30.245073
241118-17:34:56-pleasing-connection,16,train/num_samples,5088.0,2024-11-18T17:38:30.245073
241118-17:34:56-pleasing-connection,17,train/batch,169.0,2024-11-18T17:38:37.566341
241118-17:34:56-pleasing-connection,17,train/loss,5.007188415527343,2024-11-18T17:38:37.566341
241118-17:34:56-pleasing-connection,17,train/num_samples,5408.0,2024-11-18T17:38:37.566341
241118-17:34:56-pleasing-connection,18,train/batch,179.0,2024-11-18T17:38:44.831164
241118-17:34:56-pleasing-connection,18,train/loss,4.932002925872803,2024-11-18T17:38:44.831164
241118-17:34:56-pleasing-connection,18,train/num_samples,5728.0,2024-11-18T17:38:44.831164
241118-17:34:56-pleasing-connection,19,train/batch,189.0,2024-11-18T17:38:52.144085
241118-17:34:56-pleasing-connection,19,train/loss,4.817486143112182,2024-11-18T17:38:52.144085
241118-17:34:56-pleasing-connection,19,train/num_samples,6048.0,2024-11-18T17:38:52.144085
241118-17:34:56-pleasing-connection,20,train/batch,199.0,2024-11-18T17:38:59.720469
241118-17:34:56-pleasing-connection,20,train/loss,4.782880735397339,2024-11-18T17:38:59.720469
241118-17:34:56-pleasing-connection,20,train/num_samples,6368.0,2024-11-18T17:38:59.720469
241118-17:34:56-pleasing-connection,21,train/batch,209.0,2024-11-18T17:39:07.015494
241118-17:34:56-pleasing-connection,21,train/loss,4.676559495925903,2024-11-18T17:39:07.015494
241118-17:34:56-pleasing-connection,21,train/num_samples,6688.0,2024-11-18T17:39:07.015494
241118-17:34:56-pleasing-connection,22,train/batch,219.0,2024-11-18T17:39:14.234842
241118-17:34:56-pleasing-connection,22,train/loss,4.715552711486817,2024-11-18T17:39:14.234842
241118-17:34:56-pleasing-connection,22,train/num_samples,7008.0,2024-11-18T17:39:14.234842
241118-17:34:56-pleasing-connection,23,train/batch,229.0,2024-11-18T17:39:21.438191
241118-17:34:56-pleasing-connection,23,train/loss,4.606720972061157,2024-11-18T17:39:21.438191
241118-17:34:56-pleasing-connection,23,train/num_samples,7328.0,2024-11-18T17:39:21.438191
241118-17:34:56-pleasing-connection,24,train/batch,239.0,2024-11-18T17:39:28.682855
241118-17:34:56-pleasing-connection,24,train/loss,4.554579019546509,2024-11-18T17:39:28.682855
241118-17:34:56-pleasing-connection,24,train/num_samples,7648.0,2024-11-18T17:39:28.682855
241118-17:34:56-pleasing-connection,25,train/batch,249.0,2024-11-18T17:39:36.877648
241118-17:34:56-pleasing-connection,25,train/loss,4.534007835388183,2024-11-18T17:39:36.877648
241118-17:34:56-pleasing-connection,25,train/num_samples,7968.0,2024-11-18T17:39:36.877648
241118-17:34:56-pleasing-connection,26,train/batch,259.0,2024-11-18T17:39:44.099243
241118-17:34:56-pleasing-connection,26,train/loss,4.539170551300049,2024-11-18T17:39:44.099243
241118-17:34:56-pleasing-connection,26,train/num_samples,8288.0,2024-11-18T17:39:44.099243
241118-17:34:56-pleasing-connection,27,train/batch,269.0,2024-11-18T17:39:51.382889
241118-17:34:56-pleasing-connection,27,train/loss,4.4844239234924315,2024-11-18T17:39:51.382889
241118-17:34:56-pleasing-connection,27,train/num_samples,8608.0,2024-11-18T17:39:51.382889
241118-17:34:56-pleasing-connection,28,train/batch,279.0,2024-11-18T17:39:58.599038
241118-17:34:56-pleasing-connection,28,train/loss,4.46665325164795,2024-11-18T17:39:58.599038
241118-17:34:56-pleasing-connection,28,train/num_samples,8928.0,2024-11-18T17:39:58.599038
241118-17:34:56-pleasing-connection,29,train/batch,289.0,2024-11-18T17:40:05.808439
241118-17:34:56-pleasing-connection,29,train/loss,4.451524305343628,2024-11-18T17:40:05.808439
241118-17:34:56-pleasing-connection,29,train/num_samples,9248.0,2024-11-18T17:40:05.808439
241118-17:34:56-pleasing-connection,30,train/batch,299.0,2024-11-18T17:40:13.049944
241118-17:34:56-pleasing-connection,30,train/loss,4.4001599788665775,2024-11-18T17:40:13.049944
241118-17:34:56-pleasing-connection,30,train/num_samples,9568.0,2024-11-18T17:40:13.049944
241118-17:34:56-pleasing-connection,31,train/batch,309.0,2024-11-18T17:40:16.305985
241118-17:34:56-pleasing-connection,31,train/loss,4.329748821258545,2024-11-18T17:40:16.305985
241118-17:34:56-pleasing-connection,31,train/num_samples,9888.0,2024-11-18T17:40:16.305985
241118-17:34:56-pleasing-connection,32,train/batch,319.0,2024-11-18T17:40:19.600391
241118-17:34:56-pleasing-connection,32,train/loss,4.331851577758789,2024-11-18T17:40:19.600391
241118-17:34:56-pleasing-connection,32,train/num_samples,10208.0,2024-11-18T17:40:19.600391
241118-17:34:56-pleasing-connection,33,train/batch,329.0,2024-11-18T17:40:22.842523
241118-17:34:56-pleasing-connection,33,train/loss,4.33153715133667,2024-11-18T17:40:22.842523
241118-17:34:56-pleasing-connection,33,train/num_samples,10528.0,2024-11-18T17:40:22.842523
241118-17:34:56-pleasing-connection,34,train/batch,339.0,2024-11-18T17:40:27.564013
241118-17:34:56-pleasing-connection,34,train/loss,4.308007764816284,2024-11-18T17:40:27.564013
241118-17:34:56-pleasing-connection,34,train/num_samples,10848.0,2024-11-18T17:40:27.564013
241118-17:34:56-pleasing-connection,35,train/batch,349.0,2024-11-18T17:40:31.588382
241118-17:34:56-pleasing-connection,35,train/loss,4.256030750274658,2024-11-18T17:40:31.588382
241118-17:34:56-pleasing-connection,35,train/num_samples,11168.0,2024-11-18T17:40:31.588382
241118-17:34:56-pleasing-connection,36,train/batch,359.0,2024-11-18T17:40:36.137401
241118-17:34:56-pleasing-connection,36,train/loss,4.225754165649414,2024-11-18T17:40:36.137401
241118-17:34:56-pleasing-connection,36,train/num_samples,11488.0,2024-11-18T17:40:36.137401
241118-17:34:56-pleasing-connection,37,train/batch,369.0,2024-11-18T17:40:41.155102
241118-17:34:56-pleasing-connection,37,train/loss,4.258604097366333,2024-11-18T17:40:41.155102
241118-17:34:56-pleasing-connection,37,train/num_samples,11808.0,2024-11-18T17:40:41.155102
241118-17:34:56-pleasing-connection,38,train/batch,379.0,2024-11-18T17:40:46.924346
241118-17:34:56-pleasing-connection,38,train/loss,4.226969289779663,2024-11-18T17:40:46.924346
241118-17:34:56-pleasing-connection,38,train/num_samples,12128.0,2024-11-18T17:40:46.924346
241118-17:34:56-pleasing-connection,39,train/batch,389.0,2024-11-18T17:40:51.879532
241118-17:34:56-pleasing-connection,39,train/loss,4.202979516983032,2024-11-18T17:40:51.879532
241118-17:34:56-pleasing-connection,39,train/num_samples,12448.0,2024-11-18T17:40:51.879532
241118-17:34:56-pleasing-connection,40,train/batch,399.0,2024-11-18T17:40:56.365979
241118-17:34:56-pleasing-connection,40,train/loss,4.186236047744751,2024-11-18T17:40:56.365979
241118-17:34:56-pleasing-connection,40,train/num_samples,12768.0,2024-11-18T17:40:56.365979
241118-17:34:56-pleasing-connection,41,train/batch,409.0,2024-11-18T17:41:01.084381
241118-17:34:56-pleasing-connection,41,train/loss,4.174935960769654,2024-11-18T17:41:01.084381
241118-17:34:56-pleasing-connection,41,train/num_samples,13088.0,2024-11-18T17:41:01.084381
241118-17:34:56-shabby-representative,0,train/batch,0.0,2024-11-18T17:36:25.135470
241118-17:34:56-shabby-representative,0,train/num_samples,0.0,2024-11-18T17:36:25.135470
241118-17:34:56-shabby-representative,0,validate/loss,7.582923412322998,2024-11-18T17:36:25.135470
241118-17:34:56-shabby-representative,1,train/batch,9.0,2024-11-18T17:36:31.817990
241118-17:34:56-shabby-representative,1,train/loss,7.688806390762329,2024-11-18T17:36:31.817990
241118-17:34:56-shabby-representative,1,train/num_samples,288.0,2024-11-18T17:36:31.817990
241118-17:34:56-shabby-representative,2,train/batch,19.0,2024-11-18T17:36:39.631680
241118-17:34:56-shabby-representative,2,train/loss,7.444629716873169,2024-11-18T17:36:39.631680
241118-17:34:56-shabby-representative,2,train/num_samples,608.0,2024-11-18T17:36:39.631680
241118-17:34:56-shabby-representative,3,train/batch,29.0,2024-11-18T17:36:47.213207
241118-17:34:56-shabby-representative,3,train/loss,7.181135749816894,2024-11-18T17:36:47.213207
241118-17:34:56-shabby-representative,3,train/num_samples,928.0,2024-11-18T17:36:47.213207
241118-17:34:56-shabby-representative,4,train/batch,39.0,2024-11-18T17:36:54.624332
241118-17:34:56-shabby-representative,4,train/loss,6.897093629837036,2024-11-18T17:36:54.624332
241118-17:34:56-shabby-representative,4,train/num_samples,1248.0,2024-11-18T17:36:54.624332
241118-17:34:56-shabby-representative,5,train/batch,49.0,2024-11-18T17:37:02.585566
241118-17:34:56-shabby-representative,5,train/loss,6.636433506011963,2024-11-18T17:37:02.585566
241118-17:34:56-shabby-representative,5,train/num_samples,1568.0,2024-11-18T17:37:02.585566
241118-17:34:56-shabby-representative,6,train/batch,59.0,2024-11-18T17:37:10.019539
241118-17:34:56-shabby-representative,6,train/loss,6.354150056838989,2024-11-18T17:37:10.019539
241118-17:34:56-shabby-representative,6,train/num_samples,1888.0,2024-11-18T17:37:10.019539
241118-17:34:56-shabby-representative,7,train/batch,69.0,2024-11-18T17:37:17.584195
241118-17:34:56-shabby-representative,7,train/loss,6.124904823303223,2024-11-18T17:37:17.584195
241118-17:34:56-shabby-representative,7,train/num_samples,2208.0,2024-11-18T17:37:17.584195
241118-17:34:56-shabby-representative,8,train/batch,79.0,2024-11-18T17:37:25.558236
241118-17:34:56-shabby-representative,8,train/loss,5.9094470024108885,2024-11-18T17:37:25.558236
241118-17:34:56-shabby-representative,8,train/num_samples,2528.0,2024-11-18T17:37:25.558236
241118-17:34:56-shabby-representative,9,train/batch,89.0,2024-11-18T17:37:33.604370
241118-17:34:56-shabby-representative,9,train/loss,5.7211932182312015,2024-11-18T17:37:33.604370
241118-17:34:56-shabby-representative,9,train/num_samples,2848.0,2024-11-18T17:37:33.604370
241118-17:34:56-shabby-representative,10,train/batch,99.0,2024-11-18T17:37:41.434792
241118-17:34:56-shabby-representative,10,train/loss,5.575561428070069,2024-11-18T17:37:41.434792
241118-17:34:56-shabby-representative,10,train/num_samples,3168.0,2024-11-18T17:37:41.434792
241118-17:34:56-shabby-representative,11,train/batch,109.0,2024-11-18T17:37:49.815481
241118-17:34:56-shabby-representative,11,train/loss,5.425536394119263,2024-11-18T17:37:49.815481
241118-17:34:56-shabby-representative,11,train/num_samples,3488.0,2024-11-18T17:37:49.815481
241118-17:34:56-shabby-representative,12,train/batch,119.0,2024-11-18T17:37:57.636087
241118-17:34:56-shabby-representative,12,train/loss,5.292387199401856,2024-11-18T17:37:57.636087
241118-17:34:56-shabby-representative,12,train/num_samples,3808.0,2024-11-18T17:37:57.636087
241118-17:34:56-shabby-representative,13,train/batch,129.0,2024-11-18T17:38:05.132612
241118-17:34:56-shabby-representative,13,train/loss,5.17486538887024,2024-11-18T17:38:05.132612
241118-17:34:56-shabby-representative,13,train/num_samples,4128.0,2024-11-18T17:38:05.132612
241118-17:34:56-shabby-representative,14,train/batch,139.0,2024-11-18T17:38:12.608275
241118-17:34:56-shabby-representative,14,train/loss,5.068402290344238,2024-11-18T17:38:12.608275
241118-17:34:56-shabby-representative,14,train/num_samples,4448.0,2024-11-18T17:38:12.608275
241118-17:34:56-shabby-representative,15,train/batch,149.0,2024-11-18T17:38:20.185358
241118-17:34:56-shabby-representative,15,train/loss,4.96672682762146,2024-11-18T17:38:20.185358
241118-17:34:56-shabby-representative,15,train/num_samples,4768.0,2024-11-18T17:38:20.185358
241118-17:34:56-shabby-representative,16,train/batch,159.0,2024-11-18T17:38:27.229803
241118-17:34:56-shabby-representative,16,train/loss,4.936449193954468,2024-11-18T17:38:27.229803
241118-17:34:56-shabby-representative,16,train/num_samples,5088.0,2024-11-18T17:38:27.229803
241118-17:34:56-shabby-representative,17,train/batch,169.0,2024-11-18T17:38:34.324730
241118-17:34:56-shabby-representative,17,train/loss,4.836888408660888,2024-11-18T17:38:34.324730
241118-17:34:56-shabby-representative,17,train/num_samples,5408.0,2024-11-18T17:38:34.324730
241118-17:34:56-shabby-representative,18,train/batch,179.0,2024-11-18T17:38:41.735100
241118-17:34:56-shabby-representative,18,train/loss,4.785104179382325,2024-11-18T17:38:41.735100
241118-17:34:56-shabby-representative,18,train/num_samples,5728.0,2024-11-18T17:38:41.735100
241118-17:34:56-shabby-representative,19,train/batch,189.0,2024-11-18T17:38:48.786081
241118-17:34:56-shabby-representative,19,train/loss,4.6822271823883055,2024-11-18T17:38:48.786081
241118-17:34:56-shabby-representative,19,train/num_samples,6048.0,2024-11-18T17:38:48.786081
241118-17:34:56-shabby-representative,20,train/batch,199.0,2024-11-18T17:38:56.402000
241118-17:34:56-shabby-representative,20,train/loss,4.654138088226318,2024-11-18T17:38:56.402000
241118-17:34:56-shabby-representative,20,train/num_samples,6368.0,2024-11-18T17:38:56.402000
241118-17:34:56-shabby-representative,21,train/batch,209.0,2024-11-18T17:39:03.415659
241118-17:34:56-shabby-representative,21,train/loss,4.557924413681031,2024-11-18T17:39:03.415659
241118-17:34:56-shabby-representative,21,train/num_samples,6688.0,2024-11-18T17:39:03.415659
241118-17:34:56-shabby-representative,22,train/batch,219.0,2024-11-18T17:39:10.476111
241118-17:34:56-shabby-representative,22,train/loss,4.602843570709228,2024-11-18T17:39:10.476111
241118-17:34:56-shabby-representative,22,train/num_samples,7008.0,2024-11-18T17:39:10.476111
241118-17:34:56-shabby-representative,23,train/batch,229.0,2024-11-18T17:39:17.385279
241118-17:34:56-shabby-representative,23,train/loss,4.500878810882568,2024-11-18T17:39:17.385279
241118-17:34:56-shabby-representative,23,train/num_samples,7328.0,2024-11-18T17:39:17.385279
241118-17:34:56-shabby-representative,24,train/batch,239.0,2024-11-18T17:39:24.314519
241118-17:34:56-shabby-representative,24,train/loss,4.45329966545105,2024-11-18T17:39:24.314519
241118-17:34:56-shabby-representative,24,train/num_samples,7648.0,2024-11-18T17:39:24.314519
241118-17:34:56-shabby-representative,25,train/batch,249.0,2024-11-18T17:39:31.350758
241118-17:34:56-shabby-representative,25,train/loss,4.434523248672486,2024-11-18T17:39:31.350758
241118-17:34:56-shabby-representative,25,train/num_samples,7968.0,2024-11-18T17:39:31.350758
241118-17:34:56-shabby-representative,26,train/batch,259.0,2024-11-18T17:39:39.501692
241118-17:34:56-shabby-representative,26,train/loss,4.438943767547608,2024-11-18T17:39:39.501692
241118-17:34:56-shabby-representative,26,train/num_samples,8288.0,2024-11-18T17:39:39.501692
241118-17:34:56-shabby-representative,27,train/batch,269.0,2024-11-18T17:39:46.563493
241118-17:34:56-shabby-representative,27,train/loss,4.389149332046509,2024-11-18T17:39:46.563493
241118-17:34:56-shabby-representative,27,train/num_samples,8608.0,2024-11-18T17:39:46.563493
241118-17:34:56-shabby-representative,28,train/batch,279.0,2024-11-18T17:39:53.608701
241118-17:34:56-shabby-representative,28,train/loss,4.3683180809021,2024-11-18T17:39:53.608701
241118-17:34:56-shabby-representative,28,train/num_samples,8928.0,2024-11-18T17:39:53.608701
241118-17:34:56-shabby-representative,29,train/batch,289.0,2024-11-18T17:40:00.626848
241118-17:34:56-shabby-representative,29,train/loss,4.3521177768707275,2024-11-18T17:40:00.626848
241118-17:34:56-shabby-representative,29,train/num_samples,9248.0,2024-11-18T17:40:00.626848
241118-17:34:56-shabby-representative,30,train/batch,299.0,2024-11-18T17:40:07.666517
241118-17:34:56-shabby-representative,30,train/loss,4.302572250366211,2024-11-18T17:40:07.666517
241118-17:34:56-shabby-representative,30,train/num_samples,9568.0,2024-11-18T17:40:07.666517
241118-17:34:56-shabby-representative,31,train/batch,309.0,2024-11-18T17:40:12.648521
241118-17:34:56-shabby-representative,31,train/loss,4.23423318862915,2024-11-18T17:40:12.648521
241118-17:34:56-shabby-representative,31,train/num_samples,9888.0,2024-11-18T17:40:12.648521
241118-17:34:56-shabby-representative,32,train/batch,319.0,2024-11-18T17:40:16.802312
241118-17:34:56-shabby-representative,32,train/loss,4.239025735855103,2024-11-18T17:40:16.802312
241118-17:34:56-shabby-representative,32,train/num_samples,10208.0,2024-11-18T17:40:16.802312
241118-17:34:56-shabby-representative,33,train/batch,329.0,2024-11-18T17:40:21.562771
241118-17:34:56-shabby-representative,33,train/loss,4.238984441757202,2024-11-18T17:40:21.562771
241118-17:34:56-shabby-representative,33,train/num_samples,10528.0,2024-11-18T17:40:21.562771
241118-17:34:56-shabby-representative,34,train/batch,339.0,2024-11-18T17:40:26.794571
241118-17:34:56-shabby-representative,34,train/loss,4.218959140777588,2024-11-18T17:40:26.794571
241118-17:34:56-shabby-representative,34,train/num_samples,10848.0,2024-11-18T17:40:26.794571
241118-17:34:56-shabby-representative,35,train/batch,349.0,2024-11-18T17:40:31.589738
241118-17:34:56-shabby-representative,35,train/loss,4.169931364059448,2024-11-18T17:40:31.589738
241118-17:34:56-shabby-representative,35,train/num_samples,11168.0,2024-11-18T17:40:31.589738
241118-17:34:56-shabby-representative,36,train/batch,359.0,2024-11-18T17:40:36.139801
241118-17:34:56-shabby-representative,36,train/loss,4.140108394622803,2024-11-18T17:40:36.139801
241118-17:34:56-shabby-representative,36,train/num_samples,11488.0,2024-11-18T17:40:36.139801
241118-17:34:56-shabby-representative,37,train/batch,369.0,2024-11-18T17:40:41.155127
241118-17:34:56-shabby-representative,37,train/loss,4.1733660221099855,2024-11-18T17:40:41.155127
241118-17:34:56-shabby-representative,37,train/num_samples,11808.0,2024-11-18T17:40:41.155127
241118-17:34:56-shabby-representative,38,train/batch,379.0,2024-11-18T17:40:47.143097
241118-17:34:56-shabby-representative,38,train/loss,4.143183326721191,2024-11-18T17:40:47.143097
241118-17:34:56-shabby-representative,38,train/num_samples,12128.0,2024-11-18T17:40:47.143097
241118-17:34:56-shabby-representative,39,train/batch,389.0,2024-11-18T17:40:51.879578
241118-17:34:56-shabby-representative,39,train/loss,4.1214148759841915,2024-11-18T17:40:51.879578
241118-17:34:56-shabby-representative,39,train/num_samples,12448.0,2024-11-18T17:40:51.879578
241118-17:34:56-shabby-representative,40,train/batch,399.0,2024-11-18T17:40:56.365999
241118-17:34:56-shabby-representative,40,train/loss,4.105606007575989,2024-11-18T17:40:56.365999
241118-17:34:56-shabby-representative,40,train/num_samples,12768.0,2024-11-18T17:40:56.365999
241118-17:34:56-shabby-representative,41,train/batch,409.0,2024-11-18T17:41:01.088045
241118-17:34:56-shabby-representative,41,train/loss,4.096675825119019,2024-11-18T17:41:01.088045
241118-17:34:56-shabby-representative,41,train/num_samples,13088.0,2024-11-18T17:41:01.088045
241118-17:35:02-automatic-size,0,train/batch,0.0,2024-11-18T17:36:26.211845
241118-17:35:02-automatic-size,0,train/num_samples,0.0,2024-11-18T17:36:26.211845
241118-17:35:02-automatic-size,0,validate/loss,7.5827131271362305,2024-11-18T17:36:26.211845
241118-17:35:02-automatic-size,1,train/batch,9.0,2024-11-18T17:36:33.212154
241118-17:35:02-automatic-size,1,train/loss,7.709507799148559,2024-11-18T17:36:33.212154
241118-17:35:02-automatic-size,1,train/num_samples,288.0,2024-11-18T17:36:33.212154
241118-17:35:02-automatic-size,2,train/batch,19.0,2024-11-18T17:36:41.081783
241118-17:35:02-automatic-size,2,train/loss,7.506714582443237,2024-11-18T17:36:41.081783
241118-17:35:02-automatic-size,2,train/num_samples,608.0,2024-11-18T17:36:41.081783
241118-17:35:02-automatic-size,3,train/batch,29.0,2024-11-18T17:36:48.844064
241118-17:35:02-automatic-size,3,train/loss,7.288175630569458,2024-11-18T17:36:48.844064
241118-17:35:02-automatic-size,3,train/num_samples,928.0,2024-11-18T17:36:48.844064
241118-17:35:02-automatic-size,4,train/batch,39.0,2024-11-18T17:36:56.655225
241118-17:35:02-automatic-size,4,train/loss,7.042946243286133,2024-11-18T17:36:56.655225
241118-17:35:02-automatic-size,4,train/num_samples,1248.0,2024-11-18T17:36:56.655225
241118-17:35:02-automatic-size,5,train/batch,49.0,2024-11-18T17:37:04.574993
241118-17:35:02-automatic-size,5,train/loss,6.827692556381225,2024-11-18T17:37:04.574993
241118-17:35:02-automatic-size,5,train/num_samples,1568.0,2024-11-18T17:37:04.574993
241118-17:35:02-automatic-size,6,train/batch,59.0,2024-11-18T17:37:12.375690
241118-17:35:02-automatic-size,6,train/loss,6.594440269470215,2024-11-18T17:37:12.375690
241118-17:35:02-automatic-size,6,train/num_samples,1888.0,2024-11-18T17:37:12.375690
241118-17:35:02-automatic-size,7,train/batch,69.0,2024-11-18T17:37:20.192356
241118-17:35:02-automatic-size,7,train/loss,6.386892366409302,2024-11-18T17:37:20.192356
241118-17:35:02-automatic-size,7,train/num_samples,2208.0,2024-11-18T17:37:20.192356
241118-17:35:02-automatic-size,8,train/batch,79.0,2024-11-18T17:37:27.947308
241118-17:35:02-automatic-size,8,train/loss,6.1938286304473875,2024-11-18T17:37:27.947308
241118-17:35:02-automatic-size,8,train/num_samples,2528.0,2024-11-18T17:37:27.947308
241118-17:35:02-automatic-size,9,train/batch,89.0,2024-11-18T17:37:35.769303
241118-17:35:02-automatic-size,9,train/loss,5.992766571044922,2024-11-18T17:37:35.769303
241118-17:35:02-automatic-size,9,train/num_samples,2848.0,2024-11-18T17:37:35.769303
241118-17:35:02-automatic-size,10,train/batch,99.0,2024-11-18T17:37:43.608777
241118-17:35:02-automatic-size,10,train/loss,5.841373634338379,2024-11-18T17:37:43.608777
241118-17:35:02-automatic-size,10,train/num_samples,3168.0,2024-11-18T17:37:43.608777
241118-17:35:02-automatic-size,11,train/batch,109.0,2024-11-18T17:37:51.368866
241118-17:35:02-automatic-size,11,train/loss,5.690757703781128,2024-11-18T17:37:51.368866
241118-17:35:02-automatic-size,11,train/num_samples,3488.0,2024-11-18T17:37:51.368866
241118-17:35:02-automatic-size,12,train/batch,119.0,2024-11-18T17:37:59.183406
241118-17:35:02-automatic-size,12,train/loss,5.552341270446777,2024-11-18T17:37:59.183406
241118-17:35:02-automatic-size,12,train/num_samples,3808.0,2024-11-18T17:37:59.183406
241118-17:35:02-automatic-size,13,train/batch,129.0,2024-11-18T17:38:06.944045
241118-17:35:02-automatic-size,13,train/loss,5.428791284561157,2024-11-18T17:38:06.944045
241118-17:35:02-automatic-size,13,train/num_samples,4128.0,2024-11-18T17:38:06.944045
241118-17:35:02-automatic-size,14,train/batch,139.0,2024-11-18T17:38:14.682679
241118-17:35:02-automatic-size,14,train/loss,5.312018823623657,2024-11-18T17:38:14.682679
241118-17:35:02-automatic-size,14,train/num_samples,4448.0,2024-11-18T17:38:14.682679
241118-17:35:02-automatic-size,15,train/batch,149.0,2024-11-18T17:38:22.424819
241118-17:35:02-automatic-size,15,train/loss,5.1952375888824465,2024-11-18T17:38:22.424819
241118-17:35:02-automatic-size,15,train/num_samples,4768.0,2024-11-18T17:38:22.424819
241118-17:35:02-automatic-size,16,train/batch,159.0,2024-11-18T17:38:29.650906
241118-17:35:02-automatic-size,16,train/loss,5.137085103988648,2024-11-18T17:38:29.650906
241118-17:35:02-automatic-size,16,train/num_samples,5088.0,2024-11-18T17:38:29.650906
241118-17:35:02-automatic-size,17,train/batch,169.0,2024-11-18T17:38:36.869060
241118-17:35:02-automatic-size,17,train/loss,5.0097925662994385,2024-11-18T17:38:36.869060
241118-17:35:02-automatic-size,17,train/num_samples,5408.0,2024-11-18T17:38:36.869060
241118-17:35:02-automatic-size,18,train/batch,179.0,2024-11-18T17:38:44.042933
241118-17:35:02-automatic-size,18,train/loss,4.935515689849853,2024-11-18T17:38:44.042933
241118-17:35:02-automatic-size,18,train/num_samples,5728.0,2024-11-18T17:38:44.042933
241118-17:35:02-automatic-size,19,train/batch,189.0,2024-11-18T17:38:51.291072
241118-17:35:02-automatic-size,19,train/loss,4.819781064987183,2024-11-18T17:38:51.291072
241118-17:35:02-automatic-size,19,train/num_samples,6048.0,2024-11-18T17:38:51.291072
241118-17:35:02-automatic-size,20,train/batch,199.0,2024-11-18T17:38:59.344202
241118-17:35:02-automatic-size,20,train/loss,4.784093570709229,2024-11-18T17:38:59.344202
241118-17:35:02-automatic-size,20,train/num_samples,6368.0,2024-11-18T17:38:59.344202
241118-17:35:02-automatic-size,21,train/batch,209.0,2024-11-18T17:39:06.517656
241118-17:35:02-automatic-size,21,train/loss,4.679758453369141,2024-11-18T17:39:06.517656
241118-17:35:02-automatic-size,21,train/num_samples,6688.0,2024-11-18T17:39:06.517656
241118-17:35:02-automatic-size,22,train/batch,219.0,2024-11-18T17:39:13.763165
241118-17:35:02-automatic-size,22,train/loss,4.71829080581665,2024-11-18T17:39:13.763165
241118-17:35:02-automatic-size,22,train/num_samples,7008.0,2024-11-18T17:39:13.763165
241118-17:35:02-automatic-size,23,train/batch,229.0,2024-11-18T17:39:20.866560
241118-17:35:02-automatic-size,23,train/loss,4.6109761714935305,2024-11-18T17:39:20.866560
241118-17:35:02-automatic-size,23,train/num_samples,7328.0,2024-11-18T17:39:20.866560
241118-17:35:02-automatic-size,24,train/batch,239.0,2024-11-18T17:39:28.042059
241118-17:35:02-automatic-size,24,train/loss,4.5595033168792725,2024-11-18T17:39:28.042059
241118-17:35:02-automatic-size,24,train/num_samples,7648.0,2024-11-18T17:39:28.042059
241118-17:35:02-automatic-size,25,train/batch,249.0,2024-11-18T17:39:35.759525
241118-17:35:02-automatic-size,25,train/loss,4.534678316116333,2024-11-18T17:39:35.759525
241118-17:35:02-automatic-size,25,train/num_samples,7968.0,2024-11-18T17:39:35.759525
241118-17:35:02-automatic-size,26,train/batch,259.0,2024-11-18T17:39:42.998765
241118-17:35:02-automatic-size,26,train/loss,4.540870904922485,2024-11-18T17:39:42.998765
241118-17:35:02-automatic-size,26,train/num_samples,8288.0,2024-11-18T17:39:42.998765
241118-17:35:02-automatic-size,27,train/batch,269.0,2024-11-18T17:39:50.244452
241118-17:35:02-automatic-size,27,train/loss,4.485181999206543,2024-11-18T17:39:50.244452
241118-17:35:02-automatic-size,27,train/num_samples,8608.0,2024-11-18T17:39:50.244452
241118-17:35:02-automatic-size,28,train/batch,279.0,2024-11-18T17:39:57.375725
241118-17:35:02-automatic-size,28,train/loss,4.46762056350708,2024-11-18T17:39:57.375725
241118-17:35:02-automatic-size,28,train/num_samples,8928.0,2024-11-18T17:39:57.375725
241118-17:35:02-automatic-size,29,train/batch,289.0,2024-11-18T17:40:04.788418
241118-17:35:02-automatic-size,29,train/loss,4.453277587890625,2024-11-18T17:40:04.788418
241118-17:35:02-automatic-size,29,train/num_samples,9248.0,2024-11-18T17:40:04.788418
241118-17:35:02-automatic-size,30,train/batch,299.0,2024-11-18T17:40:12.101008
241118-17:35:02-automatic-size,30,train/loss,4.401794290542602,2024-11-18T17:40:12.101008
241118-17:35:02-automatic-size,30,train/num_samples,9568.0,2024-11-18T17:40:12.101008
241118-17:35:02-automatic-size,31,train/batch,309.0,2024-11-18T17:40:15.353392
241118-17:35:02-automatic-size,31,train/loss,4.332277297973633,2024-11-18T17:40:15.353392
241118-17:35:02-automatic-size,31,train/num_samples,9888.0,2024-11-18T17:40:15.353392
241118-17:35:02-automatic-size,32,train/batch,319.0,2024-11-18T17:40:18.666809
241118-17:35:02-automatic-size,32,train/loss,4.33484845161438,2024-11-18T17:40:18.666809
241118-17:35:02-automatic-size,32,train/num_samples,10208.0,2024-11-18T17:40:18.666809
241118-17:35:02-automatic-size,33,train/batch,329.0,2024-11-18T17:40:21.926498
241118-17:35:02-automatic-size,33,train/loss,4.334579277038574,2024-11-18T17:40:21.926498
241118-17:35:02-automatic-size,33,train/num_samples,10528.0,2024-11-18T17:40:21.926498
241118-17:35:02-automatic-size,34,train/batch,339.0,2024-11-18T17:40:27.559084
241118-17:35:02-automatic-size,34,train/loss,4.308876419067383,2024-11-18T17:40:27.559084
241118-17:35:02-automatic-size,34,train/num_samples,10848.0,2024-11-18T17:40:27.559084
241118-17:35:02-automatic-size,35,train/batch,349.0,2024-11-18T17:40:31.584428
241118-17:35:02-automatic-size,35,train/loss,4.260754108428955,2024-11-18T17:40:31.584428
241118-17:35:02-automatic-size,35,train/num_samples,11168.0,2024-11-18T17:40:31.584428
241118-17:35:02-automatic-size,36,train/batch,359.0,2024-11-18T17:40:36.130196
241118-17:35:02-automatic-size,36,train/loss,4.230042600631714,2024-11-18T17:40:36.130196
241118-17:35:02-automatic-size,36,train/num_samples,11488.0,2024-11-18T17:40:36.130196
241118-17:35:02-automatic-size,37,train/batch,369.0,2024-11-18T17:40:41.274240
241118-17:35:02-automatic-size,37,train/loss,4.260658597946167,2024-11-18T17:40:41.274240
241118-17:35:02-automatic-size,37,train/num_samples,11808.0,2024-11-18T17:40:41.274240
241118-17:35:02-automatic-size,38,train/batch,379.0,2024-11-18T17:40:46.633353
241118-17:35:02-automatic-size,38,train/loss,4.226808691024781,2024-11-18T17:40:46.633353
241118-17:35:02-automatic-size,38,train/num_samples,12128.0,2024-11-18T17:40:46.633353
241118-17:35:02-automatic-size,39,train/batch,389.0,2024-11-18T17:40:51.867176
241118-17:35:02-automatic-size,39,train/loss,4.20348424911499,2024-11-18T17:40:51.867176
241118-17:35:02-automatic-size,39,train/num_samples,12448.0,2024-11-18T17:40:51.867176
241118-17:35:02-automatic-size,40,train/batch,399.0,2024-11-18T17:40:56.379568
241118-17:35:02-automatic-size,40,train/loss,4.189102363586426,2024-11-18T17:40:56.379568
241118-17:35:02-automatic-size,40,train/num_samples,12768.0,2024-11-18T17:40:56.379568
241118-17:35:02-automatic-size,41,train/batch,409.0,2024-11-18T17:41:01.069084
241118-17:35:02-automatic-size,41,train/loss,4.176815795898437,2024-11-18T17:41:01.069084
241118-17:35:02-automatic-size,41,train/num_samples,13088.0,2024-11-18T17:41:01.069084
