run_id,name,n_embd,n_layer,n_head,vocab_size,total_params,model_size_category,quant_enabled,quant_type,uniform_bit_width,primary_bit_width,bit_width_category,final_train_loss,final_val_loss,learning_rate,batch_size,weight_decay,dropout,hyperparams_signature
5ahic90t,241118-17:34:56-dishonest-local,256,2,4,2048,2626048,256emb_2L_4H,True,BrevitasQuantizer,4,4,4bit,3.9423970222473144,,0.00015,32,0.0,0.0,lr0.00015_bs32_wd0_do0
5hpqtfwy,241118-17:34:56-insubstantial-valuable,256,2,4,2048,2626048,256emb_2L_4H,True,BrevitasQuantizer,2,2,2bit,4.5402830123901365,,0.00015,32,0.0,0.0,lr0.00015_bs32_wd0_do0
duzdtq3n,241118-17:34:56-phony-eye,256,2,4,2048,2626048,256emb_2L_4H,True,BrevitasQuantizer,2,2,2bit,5.098484945297241,,0.00015,32,0.2,0.2,lr0.00015_bs32_wd0.2_do0.2
32x1gxxz,241118-17:34:56-pleasing-connection,256,2,4,2048,2626048,256emb_2L_4H,True,BrevitasQuantizer,3,3,3bit,4.174935960769654,,0.00015,32,0.0,0.2,lr0.00015_bs32_wd0_do0.2
ormhx9ho,241118-17:34:56-shabby-representative,256,2,4,2048,2626048,256emb_2L_4H,True,BrevitasQuantizer,4,4,4bit,4.096675825119019,,0.00015,32,0.0,0.2,lr0.00015_bs32_wd0_do0.2
9vz142c9,241118-17:34:56-traumatic-zone,256,2,4,2048,2626048,256emb_2L_4H,True,BrevitasQuantizer,3,3,3bit,4.035391497611999,,0.00015,32,0.0,0.0,lr0.00015_bs32_wd0_do0
j65abi2d,241118-17:35:02-automatic-size,256,2,4,2048,2626048,256emb_2L_4H,True,BrevitasQuantizer,3,3,3bit,4.176815795898437,,0.00015,32,0.2,0.2,lr0.00015_bs32_wd0.2_do0.2
snwvrhyi,241118-17:35:02-embellished-bedroom,256,2,4,2048,2626048,256emb_2L_4H,True,BrevitasQuantizer,4,4,4bit,3.9466610193252563,,0.00015,32,0.2,0.0,lr0.00015_bs32_wd0.2_do0
1487722u,241118-17:35:02-miserly-shirt,256,2,4,2048,2626048,256emb_2L_4H,True,BrevitasQuantizer,3,3,3bit,4.037411332130432,,0.00015,32,0.2,0.0,lr0.00015_bs32_wd0.2_do0
k7o838t8,241118-17:35:11-difficult-drag,256,2,4,2048,2626048,256emb_2L_4H,True,BrevitasQuantizer,2,2,2bit,4.469540739059449,,0.00015,32,0.2,0.0,lr0.00015_bs32_wd0.2_do0
bllw4grh,241118-17:35:26-awesome-type,256,2,4,2048,2626048,256emb_2L_4H,True,BrevitasQuantizer,4,4,4bit,4.06321086883545,,0.00015,32,0.2,0.2,lr0.00015_bs32_wd0.2_do0.2
87ut7cdy,241118-17:36:02-tattered-vast,256,2,4,2048,2626048,256emb_2L_4H,True,BrevitasQuantizer,2,2,2bit,4.761393451690674,,0.00015,8,0.0,0.0,lr0.00015_bs8_wd0_do0
e3fcf0lk,241118-17:36:09-whimsical-leadership,256,2,4,2048,2626048,256emb_2L_4H,True,BrevitasQuantizer,3,3,3bit,4.291576194763183,,0.00015,8,0.0,0.0,lr0.00015_bs8_wd0_do0
3rife630,241118-17:36:31-practical-quarter,256,2,4,2048,2626048,256emb_2L_4H,True,BrevitasQuantizer,4,4,4bit,4.21412672996521,,0.00015,8,0.0,0.0,lr0.00015_bs8_wd0_do0
ppvlb1ra,241118-17:36:52-gentle-main,256,2,4,2048,2626048,256emb_2L_4H,True,BrevitasQuantizer,2,2,2bit,4.74058952331543,,0.00015,8,0.2,0.0,lr0.00015_bs8_wd0.2_do0
vqnnsml7,241118-17:36:53-warm-week,256,2,4,2048,2626048,256emb_2L_4H,True,BrevitasQuantizer,3,3,3bit,4.295517635345459,,0.00015,8,0.2,0.0,lr0.00015_bs8_wd0.2_do0
0x4ml9x4,241118-17:37:17-acrobatic-comparison,256,2,4,2048,2626048,256emb_2L_4H,True,BrevitasQuantizer,4,4,4bit,4.465446329116821,,0.00015,8,0.2,0.0,lr0.00015_bs8_wd0.2_do0
yfb8mivx,241118-17:37:17-ornate-great,256,2,4,2048,2626048,256emb_2L_4H,True,BrevitasQuantizer,2,2,2bit,6.082193183898926,,0.00015,8,0.0,0.2,lr0.00015_bs8_wd0_do0.2
hwe90k4p,241118-17:37:34-wilted-basket,256,2,4,2048,2626048,256emb_2L_4H,True,BrevitasQuantizer,3,3,3bit,4.641908073425293,,0.00015,8,0.0,0.2,lr0.00015_bs8_wd0_do0.2
233qsddn,241118-17:38:18-deafening-possibility,256,2,4,2048,2626048,256emb_2L_4H,True,BrevitasQuantizer,4,4,4bit,4.950060892105102,,0.00015,8,0.0,0.2,lr0.00015_bs8_wd0_do0.2
jz1o3wu8,241118-17:40:22-vivid-alarm,256,2,4,2048,2626048,256emb_2L_4H,True,BrevitasQuantizer,2,2,2bit,,,0.00015,8,0.2,0.2,lr0.00015_bs8_wd0.2_do0.2
rl5417k5,241118-17:40:57-educated-news,256,2,4,2048,2626048,256emb_2L_4H,True,BrevitasQuantizer,2,2,2bit,,,0.00015,32,0.0,0.0,lr0.00015_bs32_wd0_do0
z5s3v8fy,241118-17:41:02-defiant-key,256,2,4,2048,2626048,256emb_2L_4H,True,BrevitasQuantizer,3,3,3bit,,,0.00015,8,0.2,0.2,lr0.00015_bs8_wd0.2_do0.2
c3x4ldrb,241118-18:09:07-defensive-movie,256,2,4,2048,2626048,256emb_2L_4H,True,BrevitasQuantizer,3,3,3bit,3.1026700496673585,,0.00015,8,0.0,0.0,lr0.00015_bs8_wd0_do0
2r5laj5t,241118-18:09:07-muted-permit,256,2,4,2048,2626048,256emb_2L_4H,True,BrevitasQuantizer,4,4,4bit,2.9347815036773683,,0.00015,8,0.0,0.0,lr0.00015_bs8_wd0_do0
e4tquf7s,241118-18:09:07-weary-god,256,2,4,2048,2626048,256emb_2L_4H,True,BrevitasQuantizer,2,2,2bit,3.637089204788208,,0.00015,8,0.0,0.0,lr0.00015_bs8_wd0_do0
i8zkuyyg,241118-18:17:32-average-editor,256,2,4,2048,2626048,256emb_2L_4H,True,BrevitasQuantizer,2,2,2bit,3.565927600860596,,0.00015,8,0.2,0.0,lr0.00015_bs8_wd0.2_do0
3lovqnji,241118-18:17:32-tremendous-drink,256,2,4,2048,2626048,256emb_2L_4H,True,BrevitasQuantizer,3,3,3bit,3.1177173614501954,,0.00015,8,0.2,0.0,lr0.00015_bs8_wd0.2_do0
3l9qiwtz,241118-18:17:32-youthful-drunk,256,2,4,2048,2626048,256emb_2L_4H,True,BrevitasQuantizer,4,4,4bit,2.9584359407424925,,0.00015,8,0.2,0.0,lr0.00015_bs8_wd0.2_do0
jzz190kw,241123-15:51:31-abandoned-disaster,256,2,4,2048,2626048,256emb_2L_4H,True,BrevitasQuantizer,4,4,4bit,3.630703639984131,,0.00015,8,0.2,0.0,lr0.00015_bs8_wd0.2_do0
44v875el,241123-15:51:31-infamous-wealth,256,2,4,2048,2626048,256emb_2L_4H,True,BrevitasQuantizer,2,2,2bit,3.6861042022705077,,0.00015,8,0.0,0.0,lr0.00015_bs8_wd0_do0
rncn13ty,241123-15:51:31-shabby-prompt,256,2,4,2048,2626048,256emb_2L_4H,True,BrevitasQuantizer,2,2,2bit,3.7454761028289796,,0.00015,32,0.2,0.2,lr0.00015_bs32_wd0.2_do0.2
pp07nl9l,241123-15:51:31-smug-specialist,256,2,4,2048,2626048,256emb_2L_4H,True,BrevitasQuantizer,3,3,3bit,3.637089562416077,,0.00015,8,0.2,0.0,lr0.00015_bs8_wd0.2_do0
qcf1qmj8,241123-15:51:31-stale-carpet,256,2,4,2048,2626048,256emb_2L_4H,True,BrevitasQuantizer,2,2,2bit,3.744611716270447,,0.00015,8,0.2,0.0,lr0.00015_bs8_wd0.2_do0
nwvi7lpa,241123-15:51:31-trim-student,256,2,4,2048,2626048,256emb_2L_4H,True,BrevitasQuantizer,4,4,4bit,3.6080491065979006,,0.00015,8,0.0,0.0,lr0.00015_bs8_wd0_do0
blyt2s0h,241123-15:51:31-unfolded-bag,256,2,4,2048,2626048,256emb_2L_4H,True,BrevitasQuantizer,3,3,3bit,3.643401765823364,,0.00015,8,0.0,0.0,lr0.00015_bs8_wd0_do0
al8kqgrk,241123-15:51:31-unselfish-diamond,256,2,4,2048,2626048,256emb_2L_4H,True,BrevitasQuantizer,4,4,4bit,3.3615680932998657,,0.00015,32,0.0,0.0,lr0.00015_bs32_wd0_do0
8e3ng160,241123-16:15:01-ambitious-suck,256,2,4,2048,2626048,256emb_2L_4H,True,BrevitasQuantizer,3,3,3bit,3.773276352882385,,0.00015,8,0.2,0.2,lr0.00015_bs8_wd0.2_do0.2
3rkvpi14,241123-16:15:01-fancy-shop,256,2,4,2048,2626048,256emb_2L_4H,True,BrevitasQuantizer,4,4,4bit,3.759920763969421,,0.00015,8,0.2,0.2,lr0.00015_bs8_wd0.2_do0.2
rmykpg2i,241123-16:15:01-shameless-employment,256,2,4,2048,2626048,256emb_2L_4H,True,BrevitasQuantizer,2,2,2bit,3.8137423515319826,,0.00015,8,0.2,0.2,lr0.00015_bs8_wd0.2_do0.2
iofrf5s9,241202-15:37:27-extra-large-case,256,3,4,2048,3414528,256emb_3L_4H,True,BrevitasQuantizer,4,4,4bit,3.2330100774765014,,0.00015,32,0.2,0.0,lr0.00015_bs32_wd0.2_do0
rs29xxwo,241202-15:37:27-loathsome-method,256,3,4,2048,3414528,256emb_3L_4H,True,BrevitasQuantizer,4,4,4bit,3.2099527597427366,,0.00015,32,0.0,0.0,lr0.00015_bs32_wd0_do0
jx13xod2,241202-15:37:27-pitiful-prize,256,3,4,2048,3414528,256emb_3L_4H,True,BrevitasQuantizer,3,3,3bit,3.234895443916321,,0.00015,32,0.0,0.0,lr0.00015_bs32_wd0_do0
yjn6r4bg,241202-15:37:27-stimulating-sleep,256,3,4,2048,3414528,256emb_3L_4H,True,BrevitasQuantizer,2,2,2bit,3.449200487136841,,0.00015,32,0.0,0.0,lr0.00015_bs32_wd0_do0
au90jio1,241202-15:37:27-tart-leadership,256,3,4,2048,3414528,256emb_3L_4H,True,BrevitasQuantizer,3,3,3bit,3.285777235031128,,0.00015,32,0.2,0.0,lr0.00015_bs32_wd0.2_do0
sjjwdara,241202-15:37:27-upbeat-university,256,3,4,2048,3414528,256emb_3L_4H,True,BrevitasQuantizer,2,2,2bit,3.4471301078796386,,0.00015,32,0.2,0.0,lr0.00015_bs32_wd0.2_do0
psiyaozx,241202-15:37:29-thorough-score,256,3,4,2048,3414528,256emb_3L_4H,True,BrevitasQuantizer,2,2,2bit,3.394666290283203,,0.00015,32,0.0,0.0,lr0.00015_bs32_wd0_do0
6cq4y8ya,241202-15:56:48-aware-mistake,256,3,4,2048,3414528,256emb_3L_4H,True,BrevitasQuantizer,3,3,3bit,2.6688734531402587,,0.00015,32,0.0,0.0,lr0.00015_bs32_wd0_do0
u0juw24l,241202-16:03:29-this-revenue,256,3,4,2048,3414528,256emb_3L_4H,True,BrevitasQuantizer,4,4,4bit,2.4720803260803224,,0.00015,32,0.0,0.0,lr0.00015_bs32_wd0_do0
mhrxu215,241202-16:11:05-humble-fill,256,3,4,2048,3414528,256emb_3L_4H,True,BrevitasQuantizer,2,2,2bit,3.422214889526367,,0.00015,32,0.2,0.0,lr0.00015_bs32_wd0.2_do0
0bktt4o4,241202-16:30:38-mild-personality,256,3,4,2048,3414528,256emb_3L_4H,True,BrevitasQuantizer,4,4,4bit,2.490814995765686,,0.00015,32,0.2,0.0,lr0.00015_bs32_wd0.2_do0
8kubfj1z,241202-16:30:38-normal-turn,256,3,4,2048,3414528,256emb_3L_4H,True,BrevitasQuantizer,3,3,3bit,2.674674892425537,,0.00015,32,0.2,0.0,lr0.00015_bs32_wd0.2_do0
91egjfhz,241202-16:36:28-trusty-log,256,3,4,2048,3414528,256emb_3L_4H,True,BrevitasQuantizer,2,2,2bit,3.394088625907898,,0.00015,32,0.2,0.0,lr0.00015_bs32_wd0.2_do0
kph2w7ls,241202-16:36:42-dapper-strength,256,3,4,2048,3414528,256emb_3L_4H,True,BrevitasQuantizer,4,4,4bit,2.5053689956665037,,0.00015,32,0.0,0.0,lr0.00015_bs32_wd0_do0
ty8iph2o,241202-16:37:34-neat-weekend,256,3,4,2048,3414528,256emb_3L_4H,True,BrevitasQuantizer,3,3,3bit,2.693203902244568,,0.00015,32,0.2,0.0,lr0.00015_bs32_wd0.2_do0
5baacuyr,241202-16:37:40-which-people,256,3,4,2048,3414528,256emb_3L_4H,True,BrevitasQuantizer,3,3,3bit,2.7016114234924316,,0.00015,32,0.0,0.0,lr0.00015_bs32_wd0_do0
y09efqv3,241202-16:37:59-medical-peak,256,3,4,2048,3414528,256emb_3L_4H,True,BrevitasQuantizer,2,2,2bit,3.455942177772522,,0.00015,32,0.0,0.0,lr0.00015_bs32_wd0_do0
n3ylvgj7,241202-16:47:31-shrill-winter,256,3,4,2048,3414528,256emb_3L_4H,True,BrevitasQuantizer,4,4,4bit,2.526146149635315,,0.00015,32,0.2,0.0,lr0.00015_bs32_wd0.2_do0
1ixwd2ik,241202-17:01:35-shady-mark,256,3,4,2048,3414528,256emb_3L_4H,True,BrevitasQuantizer,2,2,2bit,3.4152695894241334,,0.00015,32,0.0,0.0,lr0.00015_bs32_wd0_do0
pwkyb8y8,241202-17:04:23-smoggy-team,256,3,4,2048,3414528,256emb_3L_4H,True,BrevitasQuantizer,3,3,3bit,2.677017641067505,,0.00015,32,0.0,0.0,lr0.00015_bs32_wd0_do0
54nkcmuz,241202-17:04:47-optimistic-current,256,3,4,2048,3414528,256emb_3L_4H,True,BrevitasQuantizer,4,4,4bit,2.476891875267029,,0.00015,32,0.0,0.0,lr0.00015_bs32_wd0_do0
aje7yqbr,241202-17:11:11-earnest-service,256,3,4,2048,3414528,256emb_3L_4H,True,BrevitasQuantizer,4,4,4bit,2.4926924228668215,,0.00015,32,0.2,0.0,lr0.00015_bs32_wd0.2_do0
g4exfhoa,241202-17:11:29-lovely-information,256,3,4,2048,3414528,256emb_3L_4H,True,BrevitasQuantizer,3,3,3bit,2.6747230529785155,,0.00015,32,0.2,0.0,lr0.00015_bs32_wd0.2_do0
sfnlxbqu,241202-17:12:23-luxurious-wine,256,3,4,2048,3414528,256emb_3L_4H,True,BrevitasQuantizer,2,2,2bit,3.380113935470581,,0.00015,32,0.2,0.0,lr0.00015_bs32_wd0.2_do0
6iryb8m5,241202-17:23:57-cloudy-plate,256,3,4,2048,3414528,256emb_3L_4H,True,BrevitasQuantizer,2,2,2bit,3.466302728652954,,0.00015,32,0.0,0.2,lr0.00015_bs32_wd0_do0.2
f9riicpk,241202-17:30:30-bossy-tooth,256,3,4,2048,3414528,256emb_3L_4H,True,BrevitasQuantizer,4,4,4bit,3.3322695016860964,,0.00015,32,0.0,0.2,lr0.00015_bs32_wd0_do0.2
d2kfurk1,241202-17:30:39-enchanting-market,256,3,4,2048,3414528,256emb_3L_4H,True,BrevitasQuantizer,3,3,3bit,3.415891170501709,,0.00015,32,0.0,0.2,lr0.00015_bs32_wd0_do0.2
jij3crra,241202-17:37:14-absolute-internet,256,3,4,2048,3414528,256emb_3L_4H,True,BrevitasQuantizer,4,4,4bit,3.357054901123047,,0.00015,32,0.2,0.2,lr0.00015_bs32_wd0.2_do0.2
zw1rg504,241202-17:38:11-smug-face,256,3,4,2048,3414528,256emb_3L_4H,True,BrevitasQuantizer,3,3,3bit,3.4276771068573,,0.00015,32,0.2,0.2,lr0.00015_bs32_wd0.2_do0.2
y3d6qe0f,241202-17:38:34-rowdy-increase,256,3,4,2048,3414528,256emb_3L_4H,True,BrevitasQuantizer,2,2,2bit,5.502576446533203,,0.00015,32,0.0,0.2,lr0.00015_bs32_wd0_do0.2
quu8tvx7,241202-17:38:38-short-term-pension,256,3,4,2048,3414528,256emb_3L_4H,True,BrevitasQuantizer,2,2,2bit,3.4895883083343504,,0.00015,32,0.2,0.2,lr0.00015_bs32_wd0.2_do0.2
5l1sow2w,241202-17:43:11-loud-teach,256,3,4,2048,3414528,256emb_3L_4H,True,BrevitasQuantizer,3,3,3bit,3.0794458866119383,,0.00015,32,0.0,0.2,lr0.00015_bs32_wd0_do0.2
m3o8avtr,241202-17:45:58-eager-government,256,3,4,2048,3414528,256emb_3L_4H,True,BrevitasQuantizer,4,4,4bit,2.8723575353622435,,0.00015,32,0.0,0.2,lr0.00015_bs32_wd0_do0.2
0gk4hnb0,241202-18:02:04-grand-creative,256,3,4,2048,3414528,256emb_3L_4H,True,BrevitasQuantizer,2,2,2bit,5.544366884231567,,0.00015,32,0.2,0.2,lr0.00015_bs32_wd0.2_do0.2
thnd21sx,241202-18:03:00-dull-screw,256,3,4,2048,3414528,256emb_3L_4H,True,BrevitasQuantizer,3,3,3bit,3.0531939268112183,,0.00015,32,0.2,0.2,lr0.00015_bs32_wd0.2_do0.2
3t19kpga,241202-18:05:03-elderly-surgery,256,3,4,2048,3414528,256emb_3L_4H,True,BrevitasQuantizer,4,4,4bit,2.865135931968689,,0.00015,32,0.2,0.2,lr0.00015_bs32_wd0.2_do0.2
smgvd5iu,241202-18:07:54-prudent-pack,256,3,4,2048,3414528,256emb_3L_4H,True,BrevitasQuantizer,3,3,3bit,3.028450536727905,,0.00015,32,0.0,0.2,lr0.00015_bs32_wd0_do0.2
q71pdxwe,241202-18:09:11-infantile-parking,256,3,4,2048,3414528,256emb_3L_4H,True,BrevitasQuantizer,2,2,2bit,5.4502932071685795,,0.00015,32,0.2,0.2,lr0.00015_bs32_wd0.2_do0.2
90o93svd,241202-18:11:44-bouncy-novel,256,3,4,2048,3414528,256emb_3L_4H,True,BrevitasQuantizer,3,3,3bit,3.0035069465637205,,0.00015,32,0.2,0.2,lr0.00015_bs32_wd0.2_do0.2
0ew76vje,241202-18:11:49-unknown-homework,256,3,4,2048,3414528,256emb_3L_4H,True,BrevitasQuantizer,2,2,2bit,4.934260559082031,,0.00015,32,0.0,0.2,lr0.00015_bs32_wd0_do0.2
yy3s91i0,241202-18:11:57-oddball-try,256,3,4,2048,3414528,256emb_3L_4H,True,BrevitasQuantizer,4,4,4bit,2.841378378868103,,0.00015,32,0.2,0.2,lr0.00015_bs32_wd0.2_do0.2
9l0pof9c,241202-18:12:14-knobby-interview,256,3,4,2048,3414528,256emb_3L_4H,True,BrevitasQuantizer,4,4,4bit,2.847797179222107,,0.00015,32,0.0,0.2,lr0.00015_bs32_wd0_do0.2
f9wl1u1x,241202-18:14:00-passionate-heavy,256,3,4,2048,3414528,256emb_3L_4H,True,BrevitasQuantizer,3,3,3bit,3.0063089609146116,,0.00015,32,0.0,0.2,lr0.00015_bs32_wd0_do0.2
b1nu9i3c,241202-18:14:00-shrill-top,256,3,4,2048,3414528,256emb_3L_4H,True,BrevitasQuantizer,4,4,4bit,2.8321456909179688,,0.00015,32,0.0,0.2,lr0.00015_bs32_wd0_do0.2
9m1mt7e8,241202-18:17:37-fatal-hell,256,3,4,2048,3414528,256emb_3L_4H,True,BrevitasQuantizer,2,2,2bit,4.379357957839966,,0.00015,32,0.0,0.2,lr0.00015_bs32_wd0_do0.2
p1r9krag,241202-18:26:53-rude-guitar,256,3,4,2048,3414528,256emb_3L_4H,True,BrevitasQuantizer,3,3,3bit,2.9928112745285036,,0.00015,32,0.2,0.2,lr0.00015_bs32_wd0.2_do0.2
yg9i1klm,241202-18:27:15-plain-great,256,3,4,2048,3414528,256emb_3L_4H,True,BrevitasQuantizer,4,4,4bit,2.832833170890808,,0.00015,32,0.2,0.2,lr0.00015_bs32_wd0.2_do0.2
e1s39wcf,241202-18:28:01-loose-home,256,3,4,2048,3414528,256emb_3L_4H,True,BrevitasQuantizer,2,2,2bit,4.415397500991821,,0.00015,32,0.2,0.2,lr0.00015_bs32_wd0.2_do0.2
udfnpxvf,241202-19:27:31-good-natured-anger,512,2,4,2048,8397824,512emb_2L_4H,True,BrevitasQuantizer,3,3,3bit,3.2618183135986327,,0.00015,32,0.0,0.2,lr0.00015_bs32_wd0_do0.2
ci2rng6v,241202-19:37:58-glorious-comparison,512,2,4,2048,8397824,512emb_2L_4H,True,BrevitasQuantizer,3,3,3bit,2.664992260932922,,0.00015,32,0.2,0.2,lr0.00015_bs32_wd0.2_do0.2
64q82a7q,241202-19:48:33-pointed-produce,512,2,4,2048,8397824,512emb_2L_4H,True,BrevitasQuantizer,2,2,2bit,3.931537699699402,,0.00015,32,0.2,0.2,lr0.00015_bs32_wd0.2_do0.2
0kgf8e4h,241202-20:07:08-known-health,512,2,4,2048,8397824,512emb_2L_4H,True,BrevitasQuantizer,2,2,2bit,3.393170642852783,,0.00015,32,0.2,0.2,lr0.00015_bs32_wd0.2_do0.2
96it0slf,241202-20:07:08-submissive-depression,512,3,4,2048,11547648,512emb_3L_4H,True,BrevitasQuantizer,2,2,2bit,3.1181353330612183,,0.00015,32,0.0,0.0,lr0.00015_bs32_wd0_do0
64mf78mu,241202-20:07:25-bruised-entrance,512,3,4,2048,11547648,512emb_3L_4H,True,BrevitasQuantizer,3,3,3bit,2.878544044494629,,0.00015,32,0.0,0.0,lr0.00015_bs32_wd0_do0
logiis3q,241202-20:07:55-hidden-pot,512,3,4,2048,11547648,512emb_3L_4H,True,BrevitasQuantizer,4,4,4bit,2.779282331466675,,0.00015,32,0.0,0.0,lr0.00015_bs32_wd0_do0
q3eqyp3p,241202-20:10:06-bewitched-sense,512,3,4,2048,11547648,512emb_3L_4H,True,BrevitasQuantizer,2,2,2bit,3.1517417430877686,,0.00015,32,0.2,0.0,lr0.00015_bs32_wd0.2_do0
qn5l6cms,241202-20:11:54-flippant-election,512,3,4,2048,11547648,512emb_3L_4H,True,BrevitasQuantizer,4,4,4bit,2.8120938777923583,,0.00015,32,0.2,0.0,lr0.00015_bs32_wd0.2_do0
hdlxe7z9,241202-20:11:54-striking-read,512,3,4,2048,11547648,512emb_3L_4H,True,BrevitasQuantizer,3,3,3bit,2.926206111907959,,0.00015,32,0.2,0.0,lr0.00015_bs32_wd0.2_do0
25513rix,241202-20:12:45-scented-flight,512,3,4,2048,11547648,512emb_3L_4H,True,BrevitasQuantizer,2,2,2bit,3.197309470176697,,0.00015,32,0.0,0.0,lr0.00015_bs32_wd0_do0
npyoskwf,241202-20:18:42-wee-spend,512,3,4,2048,11547648,512emb_3L_4H,True,BrevitasQuantizer,3,3,3bit,2.2920751333236695,,0.00015,32,0.0,0.0,lr0.00015_bs32_wd0_do0
vkh8lk1q,241202-20:22:28-stylish-duty,512,3,4,2048,11547648,512emb_3L_4H,True,BrevitasQuantizer,4,4,4bit,2.0482037901878356,,0.00015,32,0.0,0.0,lr0.00015_bs32_wd0_do0
yi1s2hsc,241202-20:23:32-rotten-call,512,3,4,2048,11547648,512emb_3L_4H,True,BrevitasQuantizer,2,2,2bit,3.1162818670272827,,0.00015,32,0.2,0.0,lr0.00015_bs32_wd0.2_do0
y2iy3rc1,241202-20:23:52-amazing-flower,512,3,4,2048,11547648,512emb_3L_4H,True,BrevitasQuantizer,2,2,2bit,3.093674111366272,,0.00015,32,0.0,0.0,lr0.00015_bs32_wd0_do0
nmcinqzx,241202-20:23:53-puny-fact,512,3,4,2048,11547648,512emb_3L_4H,True,BrevitasQuantizer,3,3,3bit,2.2833541870117187,,0.00015,32,0.2,0.0,lr0.00015_bs32_wd0.2_do0
q1xi01s0,241202-20:24:18-nonstop-fix,512,3,4,2048,11547648,512emb_3L_4H,True,BrevitasQuantizer,4,4,4bit,2.090940999984741,,0.00015,32,0.2,0.0,lr0.00015_bs32_wd0.2_do0
y6hjioho,241202-20:24:54-wrathful-finish,512,3,4,2048,11547648,512emb_3L_4H,True,BrevitasQuantizer,3,3,3bit,2.2895745038986206,,0.00015,32,0.0,0.0,lr0.00015_bs32_wd0_do0
k2nw9acl,241202-20:25:34-yearly-fuel,512,3,4,2048,11547648,512emb_3L_4H,True,BrevitasQuantizer,4,4,4bit,2.092577338218689,,0.00015,32,0.0,0.0,lr0.00015_bs32_wd0_do0
4c3ntdig,241202-20:28:18-ethical-east,512,3,4,2048,11547648,512emb_3L_4H,True,BrevitasQuantizer,4,4,4bit,2.111950993537903,,0.00015,32,0.2,0.0,lr0.00015_bs32_wd0.2_do0
bh5hzc96,241202-20:28:39-murky-repeat,512,3,4,2048,11547648,512emb_3L_4H,True,BrevitasQuantizer,3,3,3bit,2.3097710847854613,,0.00015,32,0.2,0.0,lr0.00015_bs32_wd0.2_do0
t9ihfdij,241202-20:30:52-ideal-home,512,3,4,2048,11547648,512emb_3L_4H,True,BrevitasQuantizer,2,2,2bit,3.031242513656616,,0.00015,32,0.2,0.0,lr0.00015_bs32_wd0.2_do0
xg7lysij,241202-20:32:02-ill-sir,512,3,4,2048,11547648,512emb_3L_4H,True,BrevitasQuantizer,2,2,2bit,3.0911705017089846,,0.00015,32,0.0,0.0,lr0.00015_bs32_wd0_do0
7oef19cn,241202-20:32:17-vapid-tank,512,3,4,2048,11547648,512emb_3L_4H,True,BrevitasQuantizer,3,3,3bit,2.2512182235717773,,0.00015,32,0.0,0.0,lr0.00015_bs32_wd0_do0
gqza1yxd,241202-20:34:01-imperfect-setting,512,3,4,2048,11547648,512emb_3L_4H,True,BrevitasQuantizer,4,4,4bit,2.0907326221466063,,0.00015,32,0.0,0.0,lr0.00015_bs32_wd0_do0
v4sr8h8r,241202-20:35:59-lopsided-western,512,3,4,2048,11547648,512emb_3L_4H,True,BrevitasQuantizer,3,3,3bit,2.252164936065674,,0.00015,32,0.2,0.0,lr0.00015_bs32_wd0.2_do0
2whrtcvu,241202-20:38:17-self-reliant-hate,512,3,4,2048,11547648,512emb_3L_4H,True,BrevitasQuantizer,2,2,2bit,3.1119992256164553,,0.00015,32,0.2,0.0,lr0.00015_bs32_wd0.2_do0
i7fg29cv,241202-20:40:05-dearest-balance,512,3,4,2048,11547648,512emb_3L_4H,True,BrevitasQuantizer,4,4,4bit,2.101858067512512,,0.00015,32,0.2,0.0,lr0.00015_bs32_wd0.2_do0
00rlg4cq,241202-20:43:14-biodegradable-extreme,512,3,4,2048,11547648,512emb_3L_4H,True,BrevitasQuantizer,2,2,2bit,3.260807967185974,,0.00015,32,0.0,0.2,lr0.00015_bs32_wd0_do0.2
n955zsgk,241202-20:44:15-mushy-gene,512,3,4,2048,11547648,512emb_3L_4H,True,BrevitasQuantizer,3,3,3bit,3.0777031421661376,,0.00015,32,0.0,0.2,lr0.00015_bs32_wd0_do0.2
rf8a73sh,241202-20:44:46-realistic-touch,512,3,4,2048,11547648,512emb_3L_4H,True,BrevitasQuantizer,4,4,4bit,2.9431914329528808,,0.00015,32,0.0,0.2,lr0.00015_bs32_wd0_do0.2
s2v40tli,241202-20:47:28-sympathetic-bid,512,3,4,2048,11547648,512emb_3L_4H,True,BrevitasQuantizer,2,2,2bit,3.261491584777832,,0.00015,32,0.2,0.2,lr0.00015_bs32_wd0.2_do0.2
bseq2a7x,241202-20:51:46-fantastic-space,512,3,4,2048,11547648,512emb_3L_4H,True,BrevitasQuantizer,3,3,3bit,3.0629539489746094,,0.00015,32,0.2,0.2,lr0.00015_bs32_wd0.2_do0.2
bf3us5zm,241202-20:52:02-crisp-page,512,3,4,2048,11547648,512emb_3L_4H,True,BrevitasQuantizer,4,4,4bit,2.982903265953064,,0.00015,32,0.2,0.2,lr0.00015_bs32_wd0.2_do0.2
jcu8rrsa,241202-20:53:01-knobby-desk,512,3,4,2048,11547648,512emb_3L_4H,True,BrevitasQuantizer,3,3,3bit,2.673978638648987,,0.00015,32,0.0,0.2,lr0.00015_bs32_wd0_do0.2
tjhsg55q,241202-20:53:27-active-implement,512,3,4,2048,11547648,512emb_3L_4H,True,BrevitasQuantizer,4,4,4bit,2.47049560546875,,0.00015,32,0.0,0.2,lr0.00015_bs32_wd0_do0.2
ebrjf10t,241202-20:55:25-plastic-speech,512,3,4,2048,11547648,512emb_3L_4H,True,BrevitasQuantizer,2,2,2bit,5.622527408599853,,0.00015,32,0.0,0.2,lr0.00015_bs32_wd0_do0.2
fv5vqg3z,241202-20:55:27-known-joint,512,3,4,2048,11547648,512emb_3L_4H,True,BrevitasQuantizer,2,2,2bit,5.591683578491211,,0.00015,32,0.2,0.2,lr0.00015_bs32_wd0.2_do0.2
j6yodvyg,241202-20:56:29-flickering-inevitable,512,3,4,2048,11547648,512emb_3L_4H,True,BrevitasQuantizer,4,4,4bit,2.452419376373291,,0.00015,32,0.2,0.2,lr0.00015_bs32_wd0.2_do0.2
6e74ik02,241202-20:56:31-great-punch,512,3,4,2048,11547648,512emb_3L_4H,True,BrevitasQuantizer,3,3,3bit,2.649237847328186,,0.00015,32,0.2,0.2,lr0.00015_bs32_wd0.2_do0.2
xl9y43v5,241202-20:59:28-unwilling-host,512,3,4,2048,11547648,512emb_3L_4H,True,BrevitasQuantizer,2,2,2bit,5.024450063705444,,0.00015,32,0.0,0.2,lr0.00015_bs32_wd0_do0.2
drponqes,241202-21:00:01-other-tune,512,3,4,2048,11547648,512emb_3L_4H,True,BrevitasQuantizer,3,3,3bit,2.658974051475525,,0.00015,32,0.0,0.2,lr0.00015_bs32_wd0_do0.2
2cy2q5yk,241202-21:02:21-worst-switch,512,3,4,2048,11547648,512emb_3L_4H,True,BrevitasQuantizer,4,4,4bit,2.4372066259384155,,0.00015,32,0.0,0.2,lr0.00015_bs32_wd0_do0.2
6pv97aa1,241202-21:03:30-muddy-software,512,3,4,2048,11547648,512emb_3L_4H,True,BrevitasQuantizer,2,2,2bit,4.871717834472657,,0.00015,32,0.2,0.2,lr0.00015_bs32_wd0.2_do0.2
x4w99oz4,241202-21:05:09-sizzling-hospital,512,3,4,2048,11547648,512emb_3L_4H,True,BrevitasQuantizer,3,3,3bit,2.626800775527954,,0.00015,32,0.2,0.2,lr0.00015_bs32_wd0.2_do0.2
nly7cj7y,241202-21:07:49-awful-rub,512,3,4,2048,11547648,512emb_3L_4H,True,BrevitasQuantizer,3,3,3bit,2.618769907951355,,0.00015,32,0.0,0.2,lr0.00015_bs32_wd0_do0.2
hkz4ta4j,241202-21:07:49-gloomy-manager,512,3,4,2048,11547648,512emb_3L_4H,True,BrevitasQuantizer,4,4,4bit,2.4324607133865355,,0.00015,32,0.2,0.2,lr0.00015_bs32_wd0.2_do0.2
sx46fy51,241202-21:09:19-odd-instance,512,3,4,2048,11547648,512emb_3L_4H,True,BrevitasQuantizer,2,2,2bit,4.011209750175476,,0.00015,32,0.2,0.2,lr0.00015_bs32_wd0.2_do0.2
v1pkkpvz,241202-21:10:33-elderly-imagination,512,3,4,2048,11547648,512emb_3L_4H,True,BrevitasQuantizer,2,2,2bit,4.744349145889283,,0.00015,32,0.0,0.2,lr0.00015_bs32_wd0_do0.2
4xz6ffzy,241202-21:11:06-cool-lock,512,3,4,2048,11547648,512emb_3L_4H,True,BrevitasQuantizer,4,4,4bit,2.4189672231674195,,0.00015,32,0.0,0.2,lr0.00015_bs32_wd0_do0.2
wvlwnq3u,241202-21:11:24-quarterly-public,512,3,4,2048,11547648,512emb_3L_4H,True,BrevitasQuantizer,3,3,3bit,2.61201651096344,,0.00015,32,0.2,0.2,lr0.00015_bs32_wd0.2_do0.2
n2zm3ddi,241202-21:11:27-dutiful-party,512,3,4,2048,11547648,512emb_3L_4H,True,BrevitasQuantizer,4,4,4bit,2.4082980394363402,,0.00015,32,0.2,0.2,lr0.00015_bs32_wd0.2_do0.2
ak5nar3i,241202-21:12:04-selfish-fat,256,3,4,2048,3414528,256emb_3L_4H,True,BrevitasQuantizer,2,2,2bit,3.723212146759033,,0.00015,8,0.0,0.0,lr0.00015_bs8_wd0_do0
4a47acna,241202-21:12:43-thunderous-kitchen,256,3,4,2048,3414528,256emb_3L_4H,True,BrevitasQuantizer,4,4,4bit,3.6005268573760985,,0.00015,8,0.0,0.0,lr0.00015_bs8_wd0_do0
rsnkgacx,241202-21:12:49-trusting-influence,256,3,4,2048,3414528,256emb_3L_4H,True,BrevitasQuantizer,3,3,3bit,3.6166667222976683,,0.00015,8,0.0,0.0,lr0.00015_bs8_wd0_do0
6nlran2g,241202-21:15:44-easy-fruit,256,3,4,2048,3414528,256emb_3L_4H,True,BrevitasQuantizer,2,2,2bit,3.7273694276809692,,0.00015,8,0.2,0.0,lr0.00015_bs8_wd0.2_do0
y64hafsm,241202-21:18:10-growing-wood,256,3,4,2048,3414528,256emb_3L_4H,True,BrevitasQuantizer,3,3,3bit,3.660449433326721,,0.00015,8,0.2,0.0,lr0.00015_bs8_wd0.2_do0
v7uwb8iu,241202-21:18:52-determined-save,256,3,4,2048,3414528,256emb_3L_4H,True,BrevitasQuantizer,4,4,4bit,3.629942202568054,,0.00015,8,0.2,0.0,lr0.00015_bs8_wd0.2_do0
hfxofn0m,241202-21:20:09-canine-wrap,256,3,4,2048,3414528,256emb_3L_4H,True,BrevitasQuantizer,2,2,2bit,3.8353578567504885,,0.00015,8,0.0,0.0,lr0.00015_bs8_wd0_do0
vkk9aal9,241202-21:20:46-medium-cross,256,3,4,2048,3414528,256emb_3L_4H,True,BrevitasQuantizer,3,3,3bit,3.211473894119263,,0.00015,8,0.0,0.0,lr0.00015_bs8_wd0_do0
pxzis140,241202-21:23:51-repulsive-truck,256,3,4,2048,3414528,256emb_3L_4H,True,BrevitasQuantizer,4,4,4bit,2.9078965902328493,,0.00015,8,0.0,0.0,lr0.00015_bs8_wd0_do0
0gt7argx,241202-21:24:38-infinite-respond,256,3,4,2048,3414528,256emb_3L_4H,True,BrevitasQuantizer,4,4,4bit,2.92820405960083,,0.00015,8,0.2,0.0,lr0.00015_bs8_wd0.2_do0
msne4tsu,241202-21:24:52-tangible-comfortable,256,3,4,2048,3414528,256emb_3L_4H,True,BrevitasQuantizer,3,3,3bit,3.1037038564682007,,0.00015,8,0.2,0.0,lr0.00015_bs8_wd0.2_do0
abx00nwv,241202-21:24:54-sympathetic-band,256,3,4,2048,3414528,256emb_3L_4H,True,BrevitasQuantizer,2,2,2bit,3.767224383354187,,0.00015,8,0.2,0.0,lr0.00015_bs8_wd0.2_do0
jrwuxoar,241202-21:25:23-blind-welcome,256,3,4,2048,3414528,256emb_3L_4H,True,BrevitasQuantizer,2,2,2bit,3.7708961725234986,,0.00015,8,0.0,0.0,lr0.00015_bs8_wd0_do0
sfw3tw0w,241202-21:27:43-voluminous-wrap,256,3,4,2048,3414528,256emb_3L_4H,True,BrevitasQuantizer,3,3,3bit,3.078946614265442,,0.00015,8,0.0,0.0,lr0.00015_bs8_wd0_do0
7ru58wqj,241202-21:29:43-fond-homework,256,3,4,2048,3414528,256emb_3L_4H,True,BrevitasQuantizer,4,4,4bit,2.8872405767440794,,0.00015,8,0.0,0.0,lr0.00015_bs8_wd0_do0
fhzo1ilh,241202-21:31:05-decimal-anybody,256,3,4,2048,3414528,256emb_3L_4H,True,BrevitasQuantizer,2,2,2bit,3.754330039024353,,0.00015,8,0.2,0.0,lr0.00015_bs8_wd0.2_do0
w9hch7bh,241202-21:31:46-fearful-south,256,3,4,2048,3414528,256emb_3L_4H,True,BrevitasQuantizer,3,3,3bit,3.0533879518508913,,0.00015,8,0.2,0.0,lr0.00015_bs8_wd0.2_do0
t6s1bbta,241202-21:32:25-puzzling-lead,256,3,4,2048,3414528,256emb_3L_4H,True,BrevitasQuantizer,4,4,4bit,2.996471405029297,,0.00015,8,0.2,0.0,lr0.00015_bs8_wd0.2_do0
ipq4yd1y,241202-21:34:26-untidy-carpet,256,3,4,2048,3414528,256emb_3L_4H,True,BrevitasQuantizer,4,4,4bit,2.8558599948883057,,0.00015,8,0.0,0.0,lr0.00015_bs8_wd0_do0
3vl4s0w2,241202-21:35:46-elementary-intention,256,3,4,2048,3414528,256emb_3L_4H,True,BrevitasQuantizer,3,3,3bit,3.028153729438782,,0.00015,8,0.0,0.0,lr0.00015_bs8_wd0_do0
oexu3xhb,241202-21:36:01-optimistic-currency,256,3,4,2048,3414528,256emb_3L_4H,True,BrevitasQuantizer,2,2,2bit,3.7217240571975707,,0.00015,8,0.0,0.0,lr0.00015_bs8_wd0_do0
kota3hsh,241202-21:36:22-identical-teach,256,3,4,2048,3414528,256emb_3L_4H,True,BrevitasQuantizer,2,2,2bit,3.7814693450927734,,0.00015,8,0.2,0.0,lr0.00015_bs8_wd0.2_do0
vyzi2jfh,241202-21:37:21-aromatic-employer,256,3,4,2048,3414528,256emb_3L_4H,True,BrevitasQuantizer,3,3,3bit,3.1164700746536256,,0.00015,8,0.2,0.0,lr0.00015_bs8_wd0.2_do0
7u3tzqyn,241202-21:41:08-devoted-consist,256,3,4,2048,3414528,256emb_3L_4H,True,BrevitasQuantizer,4,4,4bit,2.957484769821167,,0.00015,8,0.2,0.0,lr0.00015_bs8_wd0.2_do0
23pun2zw,241202-21:43:35-poised-fly,256,3,4,2048,3414528,256emb_3L_4H,True,BrevitasQuantizer,3,3,3bit,3.827653646469116,,0.00015,8,0.0,0.2,lr0.00015_bs8_wd0_do0.2
tdcrlpri,241202-21:44:24-mature-election,256,3,4,2048,3414528,256emb_3L_4H,True,BrevitasQuantizer,2,2,2bit,3.721162939071655,,0.00015,8,0.0,0.2,lr0.00015_bs8_wd0_do0.2
rfr5dug2,241202-21:44:46-accurate-mood,256,3,4,2048,3414528,256emb_3L_4H,True,BrevitasQuantizer,4,4,4bit,3.823578691482544,,0.00015,8,0.0,0.2,lr0.00015_bs8_wd0_do0.2
q97lgf2k,241202-21:47:12-nautical-lack,256,3,4,2048,3414528,256emb_3L_4H,True,BrevitasQuantizer,2,2,2bit,3.716674637794495,,0.00015,8,0.2,0.2,lr0.00015_bs8_wd0.2_do0.2
kc0d8gwq,241202-21:47:34-that-gear,256,3,4,2048,3414528,256emb_3L_4H,True,BrevitasQuantizer,3,3,3bit,3.7329771518707275,,0.00015,8,0.2,0.2,lr0.00015_bs8_wd0.2_do0.2
3nhmxrak,241202-21:48:54-well-worn-river,256,3,4,2048,3414528,256emb_3L_4H,True,BrevitasQuantizer,4,4,4bit,3.7815219163894653,,0.00015,8,0.2,0.2,lr0.00015_bs8_wd0.2_do0.2
xf74y37h,241202-21:50:32-kindly-sample,256,3,4,2048,3414528,256emb_3L_4H,True,BrevitasQuantizer,2,2,2bit,5.536048412322998,,0.00015,8,0.0,0.2,lr0.00015_bs8_wd0_do0.2
pba63imw,241202-21:51:23-relieved-window,256,3,4,2048,3414528,256emb_3L_4H,True,BrevitasQuantizer,3,3,3bit,3.416631746292114,,0.00015,8,0.0,0.2,lr0.00015_bs8_wd0_do0.2
m4p12vpx,241202-21:52:05-unfortunate-blind,256,3,4,2048,3414528,256emb_3L_4H,True,BrevitasQuantizer,4,4,4bit,3.2385305643081663,,0.00015,8,0.0,0.2,lr0.00015_bs8_wd0_do0.2
hte1hc5k,241202-21:53:06-prime-boot,256,3,4,2048,3414528,256emb_3L_4H,True,BrevitasQuantizer,2,2,2bit,5.3908919334411625,,0.00015,8,0.2,0.2,lr0.00015_bs8_wd0.2_do0.2
68poix72,241202-21:53:39-rosy-sector,256,3,4,2048,3414528,256emb_3L_4H,True,BrevitasQuantizer,4,4,4bit,3.3195930242538454,,0.00015,8,0.2,0.2,lr0.00015_bs8_wd0.2_do0.2
lhop3avs,241202-21:53:58-tedious-upstairs,256,3,4,2048,3414528,256emb_3L_4H,True,BrevitasQuantizer,3,3,3bit,3.397363376617432,,0.00015,8,0.2,0.2,lr0.00015_bs8_wd0.2_do0.2
gb6dkpug,241202-21:56:24-pertinent-broad,256,3,4,2048,3414528,256emb_3L_4H,True,BrevitasQuantizer,3,3,3bit,3.379408359527588,,0.00015,8,0.0,0.2,lr0.00015_bs8_wd0_do0.2
0m708g2y,241202-21:56:30-agitated-special,256,3,4,2048,3414528,256emb_3L_4H,True,BrevitasQuantizer,4,4,4bit,3.160729265213013,,0.00015,8,0.0,0.2,lr0.00015_bs8_wd0_do0.2
ncutw9re,241202-21:57:08-spirited-engineer,256,3,4,2048,3414528,256emb_3L_4H,True,BrevitasQuantizer,2,2,2bit,5.254905080795288,,0.00015,8,0.0,0.2,lr0.00015_bs8_wd0_do0.2
1mbjupay,241202-21:59:33-occasional-title,256,3,4,2048,3414528,256emb_3L_4H,True,BrevitasQuantizer,2,2,2bit,5.515019083023072,,0.00015,8,0.2,0.2,lr0.00015_bs8_wd0.2_do0.2
83qv1n4q,241202-22:01:04-pleasing-notice,256,3,4,2048,3414528,256emb_3L_4H,True,BrevitasQuantizer,3,3,3bit,3.3459098815917967,,0.00015,8,0.2,0.2,lr0.00015_bs8_wd0.2_do0.2
vnnnyp3t,241202-22:01:22-yawning-sing,256,3,4,2048,3414528,256emb_3L_4H,True,BrevitasQuantizer,4,4,4bit,3.1535200119018554,,0.00015,8,0.2,0.2,lr0.00015_bs8_wd0.2_do0.2
v5939pjt,241202-22:03:32-usable-internal,256,3,4,2048,3414528,256emb_3L_4H,True,BrevitasQuantizer,2,2,2bit,5.484177923202514,,0.00015,8,0.0,0.2,lr0.00015_bs8_wd0_do0.2
wztqnhbp,241202-22:05:10-worn-page,256,3,4,2048,3414528,256emb_3L_4H,True,BrevitasQuantizer,3,3,3bit,3.3118577003479004,,0.00015,8,0.0,0.2,lr0.00015_bs8_wd0_do0.2
00by5nq6,241202-22:05:14-scientific-orange,256,3,4,2048,3414528,256emb_3L_4H,True,BrevitasQuantizer,4,4,4bit,3.1695723056793215,,0.00015,8,0.0,0.2,lr0.00015_bs8_wd0_do0.2
bx7semha,241202-22:07:54-conscious-regular,256,3,4,2048,3414528,256emb_3L_4H,True,BrevitasQuantizer,2,2,2bit,5.634180021286011,,0.00015,8,0.2,0.2,lr0.00015_bs8_wd0.2_do0.2
2iv2mfvk,241202-22:07:59-only-membership,256,3,4,2048,3414528,256emb_3L_4H,True,BrevitasQuantizer,3,3,3bit,3.3016204118728636,,0.00015,8,0.2,0.2,lr0.00015_bs8_wd0.2_do0.2
j6rho2tu,241202-22:08:15-kindly-half,256,3,4,2048,3414528,256emb_3L_4H,True,BrevitasQuantizer,4,4,4bit,3.199501323699951,,0.00015,8,0.2,0.2,lr0.00015_bs8_wd0.2_do0.2
mfyrbxfy,241202-22:09:24-unfit-bed,512,2,4,2048,8397824,512emb_2L_4H,True,BrevitasQuantizer,2,2,2bit,3.519164562225342,,0.00015,8,0.0,0.0,lr0.00015_bs8_wd0_do0
gxhzw9wr,241202-22:10:32-amusing-if,512,2,4,2048,8397824,512emb_2L_4H,True,BrevitasQuantizer,4,4,4bit,3.317483401298523,,0.00015,8,0.0,0.0,lr0.00015_bs8_wd0_do0
e8lnjf7p,241202-22:13:32-crafty-attack,512,2,4,2048,8397824,512emb_2L_4H,True,BrevitasQuantizer,3,3,3bit,3.422741413116455,,0.00015,8,0.2,0.0,lr0.00015_bs8_wd0.2_do0
x5q1hibc,241202-22:15:25-official-contribution,512,2,4,2048,8397824,512emb_2L_4H,True,BrevitasQuantizer,4,4,4bit,3.3642270803451537,,0.00015,8,0.2,0.0,lr0.00015_bs8_wd0.2_do0
o66an9x7,241202-22:16:08-sweltering-bedroom,512,2,4,2048,8397824,512emb_2L_4H,True,BrevitasQuantizer,3,3,3bit,2.6549990653991697,,0.00015,8,0.0,0.0,lr0.00015_bs8_wd0_do0
jni8hfz7,241202-22:16:43-playful-solution,512,2,4,2048,8397824,512emb_2L_4H,True,BrevitasQuantizer,2,2,2bit,3.3472779512405397,,0.00015,8,0.0,0.0,lr0.00015_bs8_wd0_do0
71ig4z0n,241202-22:18:38-appropriate-unit,512,2,4,2048,8397824,512emb_2L_4H,True,BrevitasQuantizer,4,4,4bit,2.4775082588195803,,0.00015,8,0.0,0.0,lr0.00015_bs8_wd0_do0
opjxjqys,241202-22:19:08-wise-guess,512,2,4,2048,8397824,512emb_2L_4H,True,BrevitasQuantizer,2,2,2bit,3.3105544567108156,,0.00015,8,0.2,0.0,lr0.00015_bs8_wd0.2_do0
y2nf80gc,241202-22:19:19-gullible-crack,512,2,4,2048,8397824,512emb_2L_4H,True,BrevitasQuantizer,3,3,3bit,2.6549782752990723,,0.00015,8,0.2,0.0,lr0.00015_bs8_wd0.2_do0
jwqqjlao,241202-22:21:07-criminal-punch,512,2,4,2048,8397824,512emb_2L_4H,True,BrevitasQuantizer,4,4,4bit,2.4968096733093263,,0.00015,8,0.2,0.0,lr0.00015_bs8_wd0.2_do0
p840k0fr,241202-22:23:34-dull-move,512,2,4,2048,8397824,512emb_2L_4H,True,BrevitasQuantizer,2,2,2bit,3.315181016921997,,0.00015,8,0.0,0.0,lr0.00015_bs8_wd0_do0
dt91yv4x,241202-22:23:59-big-bunch,512,2,4,2048,8397824,512emb_2L_4H,True,BrevitasQuantizer,3,3,3bit,2.676978850364685,,0.00015,8,0.0,0.0,lr0.00015_bs8_wd0_do0
0orxl7xk,241202-22:25:00-compassionate-button,512,2,4,2048,8397824,512emb_2L_4H,True,BrevitasQuantizer,2,2,2bit,3.2796940088272093,,0.00015,8,0.2,0.0,lr0.00015_bs8_wd0.2_do0
phx7wf2u,241202-22:25:12-alive-view,512,2,4,2048,8397824,512emb_2L_4H,True,BrevitasQuantizer,4,4,4bit,3.7253632068634035,,0.00015,8,0.0,0.0,lr0.00015_bs8_wd0_do0
zc09o39u,241202-22:26:50-dirty-guitar,512,2,4,2048,8397824,512emb_2L_4H,True,BrevitasQuantizer,4,4,4bit,2.51269793510437,,0.00015,8,0.2,0.0,lr0.00015_bs8_wd0.2_do0
u1m7sof1,241202-22:34:04-advanced-pizza,512,2,4,2048,8397824,512emb_2L_4H,True,BrevitasQuantizer,2,2,2bit,3.31115882396698,,0.00015,8,0.2,0.0,lr0.00015_bs8_wd0.2_do0
y3052rdt,241202-22:34:21-boring-future,512,2,4,2048,8397824,512emb_2L_4H,True,BrevitasQuantizer,3,3,3bit,2.6426205158233644,,0.00015,8,0.2,0.0,lr0.00015_bs8_wd0.2_do0
y7e8z32g,241202-22:34:29-quarrelsome-elevator,512,2,4,2048,8397824,512emb_2L_4H,True,BrevitasQuantizer,4,4,4bit,2.4733803272247314,,0.00015,8,0.0,0.0,lr0.00015_bs8_wd0_do0
vxc4c7xf,241202-22:35:14-unimportant-support,512,2,4,2048,8397824,512emb_2L_4H,True,BrevitasQuantizer,3,3,3bit,3.539773392677307,,0.00015,8,0.0,0.2,lr0.00015_bs8_wd0_do0.2
b3tzblmg,241202-22:35:19-prize-temperature,512,2,4,2048,8397824,512emb_2L_4H,True,BrevitasQuantizer,4,4,4bit,2.494532084465027,,0.00015,8,0.2,0.0,lr0.00015_bs8_wd0.2_do0
krmngwbr,241202-22:37:46-free-software,512,2,4,2048,8397824,512emb_2L_4H,True,BrevitasQuantizer,4,4,4bit,3.503750514984131,,0.00015,8,0.0,0.2,lr0.00015_bs8_wd0_do0.2
7kzah528,241202-22:38:27-forsaken-attempt,512,2,4,2048,8397824,512emb_2L_4H,True,BrevitasQuantizer,2,2,2bit,3.6723604679107664,,0.00015,8,0.2,0.2,lr0.00015_bs8_wd0.2_do0.2
kgookbu6,241202-22:43:47-tempting-county,512,2,4,2048,8397824,512emb_2L_4H,True,BrevitasQuantizer,2,2,2bit,3.667297124862671,,0.00015,8,0.0,0.2,lr0.00015_bs8_wd0_do0.2
mh6agsdg,241202-22:44:47-growling-nation,512,2,4,2048,8397824,512emb_2L_4H,True,BrevitasQuantizer,3,3,3bit,3.055167889595032,,0.00015,8,0.0,0.2,lr0.00015_bs8_wd0_do0.2
lwkw9jle,241202-22:44:56-jumpy-mode,512,2,4,2048,8397824,512emb_2L_4H,True,BrevitasQuantizer,4,4,4bit,2.8632750272750855,,0.00015,8,0.0,0.2,lr0.00015_bs8_wd0_do0.2
fkfjifju,241202-22:47:55-lined-size,512,2,4,2048,8397824,512emb_2L_4H,True,BrevitasQuantizer,3,3,3bit,3.0443140029907227,,0.00015,8,0.2,0.2,lr0.00015_bs8_wd0.2_do0.2
xmu2in2e,241202-22:48:19-substantial-credit,512,2,4,2048,8397824,512emb_2L_4H,True,BrevitasQuantizer,2,2,2bit,3.6742876529693604,,0.00015,8,0.2,0.2,lr0.00015_bs8_wd0.2_do0.2
xumr1t5n,241202-22:50:42-cumbersome-connection,512,2,4,2048,8397824,512emb_2L_4H,True,BrevitasQuantizer,2,2,2bit,4.9862284660339355,,0.00015,8,0.0,0.2,lr0.00015_bs8_wd0_do0.2
u071ft60,241202-22:51:31-burdensome-understanding,512,2,4,2048,8397824,512emb_2L_4H,True,BrevitasQuantizer,4,4,4bit,2.8469270706176757,,0.00015,8,0.0,0.2,lr0.00015_bs8_wd0_do0.2
1stjofvh,241202-22:53:44-enraged-project,512,2,4,2048,8397824,512emb_2L_4H,True,BrevitasQuantizer,3,3,3bit,3.002885913848877,,0.00015,8,0.2,0.2,lr0.00015_bs8_wd0.2_do0.2
uz78qcy6,241202-22:56:46-grim-county,512,2,4,2048,8397824,512emb_2L_4H,True,BrevitasQuantizer,4,4,4bit,2.8474772691726686,,0.00015,8,0.2,0.2,lr0.00015_bs8_wd0.2_do0.2
rpkn07zp,241202-22:57:10-corrupt-commercial,512,2,4,2048,8397824,512emb_2L_4H,True,BrevitasQuantizer,3,3,3bit,2.982272505760193,,0.00015,8,0.0,0.2,lr0.00015_bs8_wd0_do0.2
chw5jlti,241202-22:57:26-loving-pound,512,2,4,2048,8397824,512emb_2L_4H,True,BrevitasQuantizer,4,4,4bit,2.8298923492431642,,0.00015,8,0.0,0.2,lr0.00015_bs8_wd0_do0.2
dbr0hlm6,241202-23:00:52-worthwhile-garden,512,2,4,2048,8397824,512emb_2L_4H,True,BrevitasQuantizer,2,2,2bit,3.7476925611495973,,0.00015,8,0.2,0.2,lr0.00015_bs8_wd0.2_do0.2
96gqa5fl,241202-23:01:23-scornful-cry,512,2,4,2048,8397824,512emb_2L_4H,True,BrevitasQuantizer,3,3,3bit,2.971138286590576,,0.00015,8,0.2,0.2,lr0.00015_bs8_wd0.2_do0.2
ruq5nn1c,241202-23:03:49-celebrated-male,512,3,4,2048,11547648,512emb_3L_4H,True,BrevitasQuantizer,2,2,2bit,3.427049922943115,,0.00015,8,0.0,0.0,lr0.00015_bs8_wd0_do0
xh5yiyan,241202-23:05:15-dirty-selection,512,3,4,2048,11547648,512emb_3L_4H,True,BrevitasQuantizer,4,4,4bit,3.202761912345886,,0.00015,8,0.0,0.0,lr0.00015_bs8_wd0_do0
dh7lmawl,241202-23:05:18-shallow-white,512,3,4,2048,11547648,512emb_3L_4H,True,BrevitasQuantizer,3,3,3bit,3.272114872932434,,0.00015,8,0.0,0.0,lr0.00015_bs8_wd0_do0
r8py6gzq,241202-23:08:13-scaly-drunk,512,3,4,2048,11547648,512emb_3L_4H,True,BrevitasQuantizer,3,3,3bit,3.2235288858413695,,0.00015,8,0.2,0.0,lr0.00015_bs8_wd0.2_do0
nd4249i9,241202-23:08:16-dead-tea,512,3,4,2048,11547648,512emb_3L_4H,True,BrevitasQuantizer,2,2,2bit,3.3941640138626097,,0.00015,8,0.2,0.0,lr0.00015_bs8_wd0.2_do0
xunqqs3v,241202-23:08:22-sunny-smile,512,3,4,2048,11547648,512emb_3L_4H,True,BrevitasQuantizer,4,4,4bit,3.2579482793807983,,0.00015,8,0.2,0.0,lr0.00015_bs8_wd0.2_do0
hpg3lf4w,241202-23:09:39-evil-schedule,512,3,4,2048,11547648,512emb_3L_4H,True,BrevitasQuantizer,3,3,3bit,2.668082666397095,,0.00015,8,0.0,0.0,lr0.00015_bs8_wd0_do0
2qkk77si,241202-23:09:54-skinny-slice,512,3,4,2048,11547648,512emb_3L_4H,True,BrevitasQuantizer,2,2,2bit,3.62789101600647,,0.00015,8,0.0,0.0,lr0.00015_bs8_wd0_do0
74caqhh9,241202-23:10:48-fond-it,512,3,4,2048,11547648,512emb_3L_4H,True,BrevitasQuantizer,4,4,4bit,2.589426350593567,,0.00015,8,0.0,0.0,lr0.00015_bs8_wd0_do0
0wzf9tea,241202-23:12:00-best-homework,512,3,4,2048,11547648,512emb_3L_4H,True,BrevitasQuantizer,2,2,2bit,3.5488430976867678,,0.00015,8,0.2,0.0,lr0.00015_bs8_wd0.2_do0
tavax9l6,241202-23:12:48-only-notice,512,3,4,2048,11547648,512emb_3L_4H,True,BrevitasQuantizer,3,3,3bit,2.7180624485015867,,0.00015,8,0.2,0.0,lr0.00015_bs8_wd0.2_do0
2r1qxwje,241202-23:13:14-crowded-blind,512,3,4,2048,11547648,512emb_3L_4H,True,BrevitasQuantizer,4,4,4bit,2.472107458114624,,0.00015,8,0.2,0.0,lr0.00015_bs8_wd0.2_do0
l34tn35b,241202-23:16:04-taut-perception,512,3,4,2048,11547648,512emb_3L_4H,True,BrevitasQuantizer,3,3,3bit,2.6762030601501463,,0.00015,8,0.0,0.0,lr0.00015_bs8_wd0_do0
a35t1tra,241202-23:16:12-impolite-region,512,3,4,2048,11547648,512emb_3L_4H,True,BrevitasQuantizer,2,2,2bit,3.589697527885437,,0.00015,8,0.0,0.0,lr0.00015_bs8_wd0_do0
tywbdacz,241202-23:18:50-hospitable-country,512,3,4,2048,11547648,512emb_3L_4H,True,BrevitasQuantizer,4,4,4bit,2.451844906806946,,0.00015,8,0.0,0.0,lr0.00015_bs8_wd0_do0
o5xswnu3,241202-23:19:33-long-term-college,512,3,4,2048,11547648,512emb_3L_4H,True,BrevitasQuantizer,2,2,2bit,3.5492987394332887,,0.00015,8,0.2,0.0,lr0.00015_bs8_wd0.2_do0
eq7owphz,241202-23:20:00-tense-inflation,512,3,4,2048,11547648,512emb_3L_4H,True,BrevitasQuantizer,3,3,3bit,2.7288958072662353,,0.00015,8,0.2,0.0,lr0.00015_bs8_wd0.2_do0
acj80tkh,241202-23:21:55-square-star,512,3,4,2048,11547648,512emb_3L_4H,True,BrevitasQuantizer,4,4,4bit,2.5996449470520018,,0.00015,8,0.2,0.0,lr0.00015_bs8_wd0.2_do0
jy1o3yw7,241202-23:23:59-uncommon-figure,512,3,4,2048,11547648,512emb_3L_4H,True,BrevitasQuantizer,3,3,3bit,2.694517135620117,,0.00015,8,0.0,0.0,lr0.00015_bs8_wd0_do0
0k36e2mk,241202-23:24:18-imperturbable-article,512,3,4,2048,11547648,512emb_3L_4H,True,BrevitasQuantizer,2,2,2bit,3.6324280977249144,,0.00015,8,0.0,0.0,lr0.00015_bs8_wd0_do0
7i0rdrxv,241202-23:24:18-precious-housing,512,3,4,2048,11547648,512emb_3L_4H,True,BrevitasQuantizer,4,4,4bit,2.4758577585220336,,0.00015,8,0.0,0.0,lr0.00015_bs8_wd0_do0
09elkr8i,241202-23:25:13-substantial-inspection,512,3,4,2048,11547648,512emb_3L_4H,True,BrevitasQuantizer,2,2,2bit,3.512958526611328,,0.00015,8,0.2,0.0,lr0.00015_bs8_wd0.2_do0
zfs5aapy,241202-23:26:00-colorful-weight,512,3,4,2048,11547648,512emb_3L_4H,True,BrevitasQuantizer,3,3,3bit,2.6433397769927978,,0.00015,8,0.2,0.0,lr0.00015_bs8_wd0.2_do0
e5jlgtah,241202-23:28:09-excellent-use,512,3,4,2048,11547648,512emb_3L_4H,True,BrevitasQuantizer,4,4,4bit,2.552926802635193,,0.00015,8,0.2,0.0,lr0.00015_bs8_wd0.2_do0
36dlvoec,241202-23:29:12-striking-pin,512,3,4,2048,11547648,512emb_3L_4H,True,BrevitasQuantizer,2,2,2bit,3.5968416929244995,,0.00015,8,0.0,0.2,lr0.00015_bs8_wd0_do0.2
k4t4qi7q,241202-23:31:04-arid-impress,512,3,4,2048,11547648,512emb_3L_4H,True,BrevitasQuantizer,3,3,3bit,3.4643312215805055,,0.00015,8,0.0,0.2,lr0.00015_bs8_wd0_do0.2
4uo0uu7n,241202-23:31:26-costly-whole,512,3,4,2048,11547648,512emb_3L_4H,True,BrevitasQuantizer,4,4,4bit,3.3923030138015746,,0.00015,8,0.0,0.2,lr0.00015_bs8_wd0_do0.2
yi0i64yu,241202-23:32:59-corny-produce,512,3,4,2048,11547648,512emb_3L_4H,True,BrevitasQuantizer,2,2,2bit,3.661523175239563,,0.00015,8,0.2,0.2,lr0.00015_bs8_wd0.2_do0.2
9yy1bi7x,241202-23:33:42-jolly-bake,512,3,4,2048,11547648,512emb_3L_4H,True,BrevitasQuantizer,3,3,3bit,3.481067752838135,,0.00015,8,0.2,0.2,lr0.00015_bs8_wd0.2_do0.2
gnsep1np,241202-23:35:48-wicked-condition,512,3,4,2048,11547648,512emb_3L_4H,True,BrevitasQuantizer,4,4,4bit,3.4113330841064453,,0.00015,8,0.2,0.2,lr0.00015_bs8_wd0.2_do0.2
s8b5llhe,241202-23:36:17-untidy-lab,512,3,4,2048,11547648,512emb_3L_4H,True,BrevitasQuantizer,2,2,2bit,5.629651165008545,,0.00015,8,0.0,0.2,lr0.00015_bs8_wd0_do0.2
xthw58l9,241202-23:36:48-knowing-shopping,512,3,4,2048,11547648,512emb_3L_4H,True,BrevitasQuantizer,3,3,3bit,3.1383715152740477,,0.00015,8,0.0,0.2,lr0.00015_bs8_wd0_do0.2
o3ufby1p,241202-23:39:08-tricky-celebration,512,3,4,2048,11547648,512emb_3L_4H,True,BrevitasQuantizer,4,4,4bit,2.913865399360657,,0.00015,8,0.0,0.2,lr0.00015_bs8_wd0_do0.2
55mowxtu,241202-23:39:19-blank-red,512,3,4,2048,11547648,512emb_3L_4H,True,BrevitasQuantizer,3,3,3bit,3.1188977003097533,,0.00015,8,0.2,0.2,lr0.00015_bs8_wd0.2_do0.2
ldgwwxws,241202-23:39:24-dapper-mix,512,3,4,2048,11547648,512emb_3L_4H,True,BrevitasQuantizer,2,2,2bit,5.595010375976562,,0.00015,8,0.2,0.2,lr0.00015_bs8_wd0.2_do0.2
d11djxbo,241202-23:44:03-plaintive-diamond,512,3,4,2048,11547648,512emb_3L_4H,True,BrevitasQuantizer,2,2,2bit,5.327643251419067,,0.00015,8,0.0,0.2,lr0.00015_bs8_wd0_do0.2
ljd49mgz,241202-23:44:33-tremendous-winter,512,3,4,2048,11547648,512emb_3L_4H,True,BrevitasQuantizer,4,4,4bit,2.8739294052124023,,0.00015,8,0.2,0.2,lr0.00015_bs8_wd0.2_do0.2
jc5ch60o,241202-23:44:58-wooden-security,512,3,4,2048,11547648,512emb_3L_4H,True,BrevitasQuantizer,3,3,3bit,3.0342376232147217,,0.00015,8,0.0,0.2,lr0.00015_bs8_wd0_do0.2
qlv1gxp2,241202-23:46:07-enlightened-assistant,512,3,4,2048,11547648,512emb_3L_4H,True,BrevitasQuantizer,4,4,4bit,2.8251789808273315,,0.00015,8,0.0,0.2,lr0.00015_bs8_wd0_do0.2
4z2t2qb4,241202-23:47:24-ajar-address,512,3,4,2048,11547648,512emb_3L_4H,True,BrevitasQuantizer,2,2,2bit,5.800764846801758,,0.00015,8,0.2,0.2,lr0.00015_bs8_wd0.2_do0.2
8wbrqdbb,241202-23:47:58-juvenile-whereas,512,3,4,2048,11547648,512emb_3L_4H,True,BrevitasQuantizer,3,3,3bit,2.998640704154968,,0.00015,8,0.2,0.2,lr0.00015_bs8_wd0.2_do0.2
x0qmgcut,241202-23:49:05-wary-orange,512,3,4,2048,11547648,512emb_3L_4H,True,BrevitasQuantizer,4,4,4bit,2.8216978311538696,,0.00015,8,0.2,0.2,lr0.00015_bs8_wd0.2_do0.2
5et4m564,241202-23:51:26-negative-hook,512,3,4,2048,11547648,512emb_3L_4H,True,BrevitasQuantizer,2,2,2bit,4.763091945648194,,0.00015,8,0.0,0.2,lr0.00015_bs8_wd0_do0.2
fl5qi49m,241202-23:52:25-boiling-check,512,3,4,2048,11547648,512emb_3L_4H,True,BrevitasQuantizer,3,3,3bit,3.0044207096099855,,0.00015,8,0.0,0.2,lr0.00015_bs8_wd0_do0.2
7b5c3h76,241202-23:52:47-junior-milk,512,3,4,2048,11547648,512emb_3L_4H,True,BrevitasQuantizer,4,4,4bit,2.808302164077759,,0.00015,8,0.0,0.2,lr0.00015_bs8_wd0_do0.2
rv9j0qod,241202-23:53:24-frigid-swimming,512,3,4,2048,11547648,512emb_3L_4H,True,BrevitasQuantizer,2,2,2bit,5.770384502410889,,0.00015,8,0.2,0.2,lr0.00015_bs8_wd0.2_do0.2
w0nwcxho,241202-23:54:11-responsible-scratch,512,3,4,2048,11547648,512emb_3L_4H,True,BrevitasQuantizer,3,3,3bit,2.9832061290740968,,0.00015,8,0.2,0.2,lr0.00015_bs8_wd0.2_do0.2
scrie9ei,241202-23:57:00-roasted-guy,512,3,4,2048,11547648,512emb_3L_4H,True,BrevitasQuantizer,4,4,4bit,2.8132944345474242,,0.00015,8,0.2,0.2,lr0.00015_bs8_wd0.2_do0.2
wds8l0mt,241203-00:29:00-luminous-principle,256,3,4,2048,3414528,256emb_3L_4H,True,BrevitasQuantizer,4,4,4bit,3.7543591022491456,,0.00015,8,0.0,0.2,lr0.00015_bs8_wd0_do0.2
2wdwm227,241203-00:29:40-celebrated-section,256,3,4,2048,3414528,256emb_3L_4H,True,BrevitasQuantizer,2,2,2bit,5.504387855529785,,0.00015,8,0.2,0.2,lr0.00015_bs8_wd0.2_do0.2
62b81sdk,241203-00:31:47-handy-media,512,2,4,2048,8397824,512emb_2L_4H,True,BrevitasQuantizer,4,4,4bit,2.4859223127365113,,0.00015,8,0.0,0.0,lr0.00015_bs8_wd0_do0
